No,Kategori,Nama Merk,Perusahaan,Bahan Aktif,Formulasi,Kemasan,IRAC Group,FRAC Group,HRAC Group,Sasaran Hama/Penyakit/Gulma,Sumber Data,Status MoA,Catatan MoA,Nomor Pendaftaran,Status Registrasi,Status Pasar,Sumber Registri
1,Biostimulant,a-AA Plus,Advansia Sdn Bhd,"L-α free amino acids 28,8% w/v; Total N 10,8% w/v",-,1 L; 5 L,N/A - bukan insektisida,N/A - bukan fungisida,N/A - bukan herbisida,Stres abiotik; pemulihan metabolisme; pertumbuhan,Advansia Sdn Bhd (Malaysia) | MoA diperbarui 23-09-2026,Terisi / terklasifikasi,IRAC/FRAC diperbarui berdasarkan klasifikasi MoA; N/A berarti kelompok tersebut tidak relevan untuk kategori produk.,,,,
2,Biostimulant,A-MICRO TURBO,Advansia Sdn Bhd,"Mikro-nutrien kelat asam amino: Fe, Mn, Zn, Mg, Cu, B, Mo",-,Tidak ditemukan pada sumber yang diverifikasi,N/A - bukan insektisida,N/A - bukan fungisida,N/A - bukan herbisida,Defisiensi mikro; penyerapan nutrisi,Advansia Sdn Bhd (Malaysia) | MoA diperbarui 23-09-2026,Terisi / terklasifikasi,IRAC/FRAC diperbarui berdasarkan klasifikasi MoA; N/A berarti kelompok tersebut tidak relevan untuk kategori produk.,,,,
3,Biostimulant,A-Taigo,Advansia Sdn Bhd,Kompleks asam amino; komposisi rinci tidak ditemukan pada sumber yang diverifikasi,-,Tidak ditemukan pada sumber yang diverifikasi,N/A - bukan insektisida,N/A - bukan fungisida,N/A - bukan herbisida,Moss/alga pada tanaman; kesehatan tanaman,Advansia Sdn Bhd (Malaysia) | MoA diperbarui 23-09-2026,Terisi / terklasifikasi,IRAC/FRAC diperbarui berdasarkan klasifikasi MoA; N/A berarti kelompok tersebut tidak relevan untuk kategori produk.,,,,
4,Biostimulant,ACE COLOUR,Advansia Sdn Bhd,Asam amino dan peptida; konsentrasi tidak dipublikasikan pada halaman produk,-,1 L,N/A - bukan insektisida,N/A - bukan fungisida,N/A - bukan herbisida,Warna buah; kemanisan; pertumbuhan; stress,Advansia Sdn Bhd (Malaysia) | MoA diperbarui 23-09-2026,Terisi / terklasifikasi,IRAC/FRAC diperbarui berdasarkan klasifikasi MoA; N/A berarti kelompok tersebut tidak relevan untuk kategori produk.,,,,
5,Biostimulant,ADAMIL,Advansia Sdn Bhd,Short-chain amino acids + organic acids; komposisi rinci tidak dipublikasikan pada halaman produk,-,500 ml,N/A - bukan insektisida,N/A - bukan fungisida,N/A - bukan herbisida,Patch canker; collar rot; damping-off; dukungan nutrisi,Advansia Sdn Bhd (Malaysia) | MoA diperbarui 23-09-2026,Terisi / terklasifikasi,IRAC/FRAC diperbarui berdasarkan klasifikasi MoA; N/A berarti kelompok tersebut tidak relevan untuk kategori produk.,,,,
6,Biostimulant,Aton AZ,Advansia Sdn Bhd,"Free amino acids 6%; N 4,1%; Fe 1,1%; Mn 0,8%; Zn 1,3%; B 0,1%; Mo 0,1%; CaO 1,2%",-,1 L; 5 L,N/A - bukan insektisida,N/A - bukan fungisida,N/A - bukan herbisida,Defisiensi mikro; stress; flowering; fruit development,Advansia Sdn Bhd (Malaysia) | MoA diperbarui 23-09-2026,Terisi / terklasifikasi,IRAC/FRAC diperbarui berdasarkan klasifikasi MoA; N/A berarti kelompok tersebut tidak relevan untuk kategori produk.,,,,
7,Biostimulant,AVIGO,Advansia Sdn Bhd,Free L-amino acids; 17 types,-,1 L; 4 L,N/A - bukan insektisida,N/A - bukan fungisida,N/A - bukan herbisida,Stres abiotik; penyerapan/transport nutrisi; pertumbuhan; kualitas hasil,Advansia Sdn Bhd (Malaysia) | MoA diperbarui 23-09-2026,Terisi / terklasifikasi,IRAC/FRAC diperbarui berdasarkan klasifikasi MoA; N/A berarti kelompok tersebut tidak relevan untuk kategori produk.,,,,
8,Biostimulant,Axtra Shield,Advansia Sdn Bhd,Mengandung L-α-amino acids; komposisi/konsentrasi tidak ditemukan pada sumber yang diverifikasi,-,Tidak ditemukan pada sumber yang diverifikasi,N/A - bukan insektisida,N/A - bukan fungisida,N/A - bukan herbisida,Dukungan ketahanan tanaman; stress; penyakit tanaman,Advansia Sdn Bhd (Malaysia) | MoA diperbarui 23-09-2026,Terisi / terklasifikasi,IRAC/FRAC diperbarui berdasarkan klasifikasi MoA; N/A berarti kelompok tersebut tidak relevan untuk kategori produk.,,,,
9,Biostimulant,AZ-Plus,Advansia Sdn Bhd,"Free amino acids 2%; N 5,7%; Fe/Mn/Zn/Cu/B/Mo/Co",-,250 g; 1 kg,N/A - bukan insektisida,N/A - bukan fungisida,N/A - bukan herbisida,Defisiensi mikro; pre-flowering; stress recovery,Advansia Sdn Bhd (Malaysia) | MoA diperbarui 23-09-2026,Terisi / terklasifikasi,IRAC/FRAC diperbarui berdasarkan klasifikasi MoA; N/A berarti kelompok tersebut tidak relevan untuk kategori produk.,,,,
10,Biostimulant,MULTISUC,Advansia Sdn Bhd,Boron larut air; produk terkait seaweed bioactives; artikel perusahaan menyebut seaweed mengandung alginic acid dan amino acids,-,1 L; 5 L,N/A - bukan insektisida,N/A - bukan fungisida,N/A - bukan herbisida,Flowering; pollination; fruit set; stress,Advansia Sdn Bhd (Malaysia) | MoA diperbarui 23-09-2026,Terisi / terklasifikasi,IRAC/FRAC diperbarui berdasarkan klasifikasi MoA; N/A berarti kelompok tersebut tidak relevan untuk kategori produk.,,,,
11,Biostimulant,XL,Advansia Sdn Bhd,Asam amino tumbuhan alami + hormon + penggalak pertumbuhan + unsur surih,-,1 L; 5 L,N/A - bukan insektisida,N/A - bukan fungisida,N/A - bukan herbisida,Fotosintesis; pembesaran buah; kualitas buah,Advansia Sdn Bhd (Malaysia) | MoA diperbarui 23-09-2026,Terisi / terklasifikasi,IRAC/FRAC diperbarui berdasarkan klasifikasi MoA; N/A berarti kelompok tersebut tidak relevan untuk kategori produk.,,,,
12,Insektisida,Abuki 50 SL,Agricon,Imidakloprid 50 g/L,SL,500 ml,4A,N/A - bukan fungisida,N/A - bukan herbisida,kutu daun; kutu kebul; wereng; trips,Master sebelumnya (PDF yang diunggah) | MoA diperbarui 23-09-2026,Terisi / terklasifikasi,IRAC/FRAC diperbarui berdasarkan klasifikasi MoA; N/A berarti kelompok tersebut tidak relevan untuk kategori produk.,,,,
13,Insektisida,Brofreya 53 SC,Agricon,Broflanilida 53%,SC,Tidak ditemukan pada sumber yang diverifikasi,30,N/A - bukan fungisida,N/A - bukan herbisida,ulat grayak; ulat Lepidoptera,Master sebelumnya (PDF yang diunggah) | MoA diperbarui 23-09-2026,Terisi / terklasifikasi,IRAC/FRAC diperbarui berdasarkan klasifikasi MoA; N/A berarti kelompok tersebut tidak relevan untuk kategori produk.,,,,
14,Insektisida,Mospilan 30 EC,Agricon,Asetamiprid 30 g/L,EC,Tidak ditemukan pada sumber yang diverifikasi,4A,N/A - bukan fungisida,N/A - bukan herbisida,kutu daun; kutu kebul; trips; wereng,Master sebelumnya (PDF yang diunggah) | MoA diperbarui 23-09-2026,Terisi / terklasifikasi,IRAC/FRAC diperbarui berdasarkan klasifikasi MoA; N/A berarti kelompok tersebut tidak relevan untuk kategori produk.,,,,
15,Insektisida,Panzer 290 SL,Agricon,Bisultap,SL,Tidak ditemukan pada sumber yang diverifikasi,14,N/A - bukan fungisida,N/A - bukan herbisida,penggerek; ulat,Master sebelumnya (PDF yang diunggah) | MoA diperbarui 23-09-2026,Terisi / terklasifikasi,IRAC/FRAC diperbarui berdasarkan klasifikasi MoA; N/A berarti kelompok tersebut tidak relevan untuk kategori produk.,,,,
16,Insektisida,Plush 60 WP,Agricon,Imidakloprid 2% + Monosultap 58%,WP,Tidak ditemukan pada sumber yang diverifikasi,4A + 14,N/A - bukan fungisida,N/A - bukan herbisida,kutu daun; kutu kebul; wereng; trips,Master sebelumnya (PDF yang diunggah) | MoA diperbarui 23-09-2026,Terisi / terklasifikasi,IRAC/FRAC diperbarui berdasarkan klasifikasi MoA; N/A berarti kelompok tersebut tidak relevan untuk kategori produk.,,,,
17,Insektisida,Sevin 85 SP,Agricon,Karbaril 85%,SP,Tidak ditemukan pada sumber yang diverifikasi,1A,N/A - bukan fungisida,N/A - bukan herbisida,ulat; kumbang,Master sebelumnya (PDF yang diunggah) | MoA diperbarui 23-09-2026,Terisi / terklasifikasi,IRAC/FRAC diperbarui berdasarkan klasifikasi MoA; N/A berarti kelompok tersebut tidak relevan untuk kategori produk.,,,,
18,Insektisida,Spontan 400 SL,Agricon,Dimehipo 400 g/L,SL,Tidak ditemukan pada sumber yang diverifikasi,14,N/A - bukan fungisida,N/A - bukan herbisida,penggerek; wereng; ulat,Master sebelumnya (PDF yang diunggah) | MoA diperbarui 23-09-2026,Terisi / terklasifikasi,IRAC/FRAC diperbarui berdasarkan klasifikasi MoA; N/A berarti kelompok tersebut tidak relevan untuk kategori produk.,,,,
19,Fungisida,ACROBAT 50 WP,BASF Indonesia,dimethomorph 500 g/L,,,,,,,Pranatani / registri Kementan — BASF Indonesia,Belum dipetakan,Entri registri tambahan; komposisi/MoA belum diisi agar tidak menebak.,01020119931072,Terdaftar pada registri sumber (termasuk kemungkinan registrasi lama),Belum diverifikasi apakah sudah launch/beredar di pasar,https://pranatani.com/badan/pt-basf-indonesia/
20,Pestisida (registri; tipe belum dipetakan),ACROBAT 500 SC,BASF Indonesia,dimetomorf 500 g/L,SC,,,,,,Pranatani / registri Kementan — BASF Indonesia,Belum dipetakan,Entri registri tambahan; komposisi/MoA belum diisi agar tidak menebak. Gramasi bahan aktif dilengkapi dari halaman produk resmi/registri yang terverifikasi.,01020120103697,Terdaftar pada registri sumber (termasuk kemungkinan registrasi lama),Belum diverifikasi apakah sudah launch/beredar di pasar,https://pranatani.com/badan/pt-basf-indonesia/
21,Herbisida,Basagran 460 SL,BASF Indonesia,bentazone 460 g/L,SL,,,,6,,Gulma daun lebar dan teki pada padi,BASF Petani Sejahtera,Terverifikasi sebagian,,,,
22,Herbisida,Basta 150 SL,BASF Indonesia,glufosinate-ammonium 150 g/L,SL,,,,10,,Gulma umum/non-selektif,BASF Petani Sejahtera,Terverifikasi sebagian,,,,
23,Fungisida,CABRIO 250 EC,BASF Indonesia,piraklostrobin 250 g/L,EC,,,,,,Pranatani / registri Kementan — BASF Indonesia,Belum dipetakan,Entri registri tambahan; komposisi/MoA belum diisi agar tidak menebak. Gramasi bahan aktif dilengkapi dari halaman produk resmi/registri yang terverifikasi.,01020120072723,Terdaftar pada registri sumber (termasuk kemungkinan registrasi lama),Belum diverifikasi apakah sudah launch/beredar di pasar,https://pranatani.com/badan/pt-basf-indonesia/
24,Fungisida,CABRIOTOP 5/55 WG,BASF Indonesia,piraklostrobin 5% + metiram 55%,WG,,,,,,Pranatani / registri Kementan — BASF Indonesia,Belum dipetakan,Entri registri tambahan; komposisi/MoA belum diisi agar tidak menebak. Gramasi bahan aktif dilengkapi dari halaman produk resmi/registri yang terverifikasi.,01020120072853,Terdaftar pada registri sumber (termasuk kemungkinan registrasi lama),Belum diverifikasi apakah sudah launch/beredar di pasar,https://pranatani.com/badan/pt-basf-indonesia/
25,Pestisida (registri; tipe belum dipetakan),CADRE 240 SL,BASF Indonesia,imazapik 240 g/L,SL,,,,,,Pranatani / registri Kementan — BASF Indonesia,Belum dipetakan,Entri registri tambahan; komposisi/MoA belum diisi agar tidak menebak. Gramasi bahan aktif dilengkapi dari halaman produk resmi/registri yang terverifikasi.,01030119981442,Terdaftar pada registri sumber (termasuk kemungkinan registrasi lama),Belum diverifikasi apakah sudah launch/beredar di pasar,https://pranatani.com/badan/pt-basf-indonesia/
26,Pestisida (registri; tipe belum dipetakan),CANTRIO 50 WG,BASF Indonesia,,,,,,,,Pranatani / registri Kementan — BASF Indonesia,Belum dipetakan,Entri registri tambahan; komposisi/MoA belum diisi agar tidak menebak.,01010120227626,Terdaftar pada registri sumber (termasuk kemungkinan registrasi lama),Belum diverifikasi apakah sudah launch/beredar di pasar,https://pranatani.com/badan/pt-basf-indonesia/
27,Fungisida,Cevya 400 SC,BASF Indonesia,Mefentriflukonazol 400 g/L,SC,Tidak ditemukan pada sumber yang diverifikasi,N/A - bukan insektisida,3,N/A - bukan herbisida,Penyakit jamur sesuai label produk,Master sebelumnya (PDF yang diunggah) | MoA diperbarui 23-09-2026,Terisi / terklasifikasi,IRAC/FRAC diperbarui berdasarkan klasifikasi MoA; N/A berarti kelompok tersebut tidak relevan untuk kategori produk.,,,,
28,Insektisida,CIMEGRA 100 SC,BASF Indonesia,Broflanilide 100 g/L,SC,50 ml; 100 ml,30,,,"Trips, Spodoptera, Plutella",BASF Indonesia – peluncuran resmi,Terverifikasi sebagian,Kadar/formulasi/kemasan perlu verifikasi label,01010120227395,,,
29,Pestisida (registri; tipe belum dipetakan),CONVEY 336 SC,BASF Indonesia,topramezon 336 g/L,SC,,,,,,Pranatani / registri Kementan — BASF Indonesia,Belum dipetakan,Entri registri tambahan; komposisi/MoA belum diisi agar tidak menebak. Gramasi bahan aktif dilengkapi dari halaman produk resmi/registri yang terverifikasi.,01030120124285,Terdaftar pada registri sumber (termasuk kemungkinan registrasi lama),Belum diverifikasi apakah sudah launch/beredar di pasar,https://pranatani.com/badan/pt-basf-indonesia/
30,Pestisida (registri; tipe belum dipetakan),CONVEY COMPLETE 310 SC,BASF Indonesia,topramezon 10 g/L + atrazin 300 g/L,SC,,,,,,Pranatani / registri Kementan — BASF Indonesia,Belum dipetakan,Entri registri tambahan; komposisi/MoA belum diisi agar tidak menebak. Gramasi bahan aktif dilengkapi dari halaman produk resmi/registri yang terverifikasi.,01030120175893,Terdaftar pada registri sumber (termasuk kemungkinan registrasi lama),Belum diverifikasi apakah sudah launch/beredar di pasar,https://pranatani.com/badan/pt-basf-indonesia/
31,Pestisida (registri; tipe belum dipetakan),DAVANTOR 100 SC,BASF Indonesia,,,,,,,,Pranatani / registri Kementan — BASF Indonesia,Belum dipetakan,Entri registri tambahan; komposisi/MoA belum diisi agar tidak menebak.,01010120227395,Terdaftar pada registri sumber (termasuk kemungkinan registrasi lama),Belum diverifikasi apakah sudah launch/beredar di pasar,https://pranatani.com/badan/pt-basf-indonesia/
32,Insektisida,EFFICON 120 SL,BASF Indonesia,Dimpropyridaz 120 g/L,SL,100 ml,36,,,"Kutu putih, kutu perisai, kutu kebul",BASF Indonesia – peluncuran resmi,Terverifikasi sebagian,Kadar/formulasi/kemasan perlu verifikasi label,01010120248607,,,
33,Insektisida,Fastac 15 EC,BASF Indonesia,Alfa-sipermetrin 15 g/L,EC,100 ml; 250 ml; 500 ml,3A,N/A - bukan fungisida,N/A - bukan herbisida,ulat; thrips; kutu; kumbang,Master sebelumnya (PDF yang diunggah) | MoA diperbarui 23-09-2026,Terisi / terklasifikasi,IRAC/FRAC diperbarui berdasarkan klasifikasi MoA; N/A berarti kelompok tersebut tidak relevan untuk kategori produk.,,,,
34,Insektisida,Imunit 75/75 SC,BASF Indonesia,Alfa-sipermetrin 75 g/L + Teflubenzuron 75 g/L,SC,100 ml,3A + 15,N/A - bukan fungisida,N/A - bukan herbisida,ulat; thrips; kutu; kumbang,Master sebelumnya (PDF yang diunggah) | MoA diperbarui 23-09-2026,Terisi / terklasifikasi,IRAC/FRAC diperbarui berdasarkan klasifikasi MoA; N/A berarti kelompok tersebut tidak relevan untuk kategori produk.,,,,
35,Fungisida,Insure Max 510 FS,BASF Indonesia,,FS,,,,,Perlakuan benih,BASF Petani Sejahtera,Perlu verifikasi,Komposisi belum berhasil dipastikan dari sumber yang ditelusuri,,,,
36,Pestisida (registri; tipe belum dipetakan),INTEGRITY 668 EC,BASF Indonesia,saflufenasil 68 g/L + dimetenamid-P 600 g/L,EC,,,,,,Pranatani / registri Kementan — BASF Indonesia,Belum dipetakan,Entri registri tambahan; komposisi/MoA belum diisi agar tidak menebak. Gramasi bahan aktif dilengkapi dari halaman produk resmi/registri yang terverifikasi.,01030120186046,Terdaftar pada registri sumber (termasuk kemungkinan registrasi lama),Belum diverifikasi apakah sudah launch/beredar di pasar,https://pranatani.com/badan/pt-basf-indonesia/
37,Insektisida,Inveris Gold 50/25 DC,BASF Indonesia,Afidopiropen 50 g/L + Abamektin 25 g/L,DC,250 ml,9D + 6,N/A - bukan fungisida,N/A - bukan herbisida,thrips; tungau; pengorok daun,Master sebelumnya (PDF yang diunggah) | MoA diperbarui 23-09-2026,Terisi / terklasifikasi,IRAC/FRAC diperbarui berdasarkan klasifikasi MoA; N/A berarti kelompok tersebut tidak relevan untuk kategori produk.,,,,
38,Pestisida (registri; tipe belum dipetakan),KIXOR 70 WG,BASF Indonesia,saflufenasil 70%,WG,,,,,,Pranatani / registri Kementan — BASF Indonesia,Belum dipetakan,Entri registri tambahan; komposisi/MoA belum diisi agar tidak menebak. Gramasi bahan aktif dilengkapi dari halaman produk resmi/registri yang terverifikasi.,01030120145078,Terdaftar pada registri sumber (termasuk kemungkinan registrasi lama),Belum diverifikasi apakah sudah launch/beredar di pasar,https://pranatani.com/badan/pt-basf-indonesia/
39,Pestisida (registri; tipe belum dipetakan),LUDION 250 SC,BASF Indonesia,,,,,,,,Pranatani / registri Kementan — BASF Indonesia,Belum dipetakan,Entri registri tambahan; komposisi/MoA belum diisi agar tidak menebak.,01020120124413,Terdaftar pada registri sumber (termasuk kemungkinan registrasi lama),Belum diverifikasi apakah sudah launch/beredar di pasar,https://pranatani.com/badan/pt-basf-indonesia/
40,Herbisida,Luxinum 750 EC,BASF Indonesia,Simetilin 750 g/L,EC,Tidak ditemukan pada sumber yang diverifikasi,N/A - bukan insektisida,N/A - bukan fungisida,15,gulma rumput; gulma daun lebar,Master sebelumnya (PDF yang diunggah) | MoA diperbarui 23-09-2026,Terisi / terklasifikasi,IRAC/FRAC diperbarui berdasarkan klasifikasi MoA; N/A berarti kelompok tersebut tidak relevan untuk kategori produk.,,,,
41,Pestisida (registri; tipe belum dipetakan),MALLOT 50 DC,BASF Indonesia,,,,,,,,Pranatani / registri Kementan — BASF Indonesia,Belum dipetakan,Entri registri tambahan; komposisi/MoA belum diisi agar tidak menebak.,01010120206942,Terdaftar pada registri sumber (termasuk kemungkinan registrasi lama),Belum diverifikasi apakah sudah launch/beredar di pasar,https://pranatani.com/badan/pt-basf-indonesia/
42,Fungisida,Melyra 200/200 SC,BASF Indonesia,mefentrifluconazole 200 g/L + fluxapyroxad 200 g/L,,,,3+7,,Penyakit jamur,BASF Petani Sejahtera,Terverifikasi sebagian,Kadar perlu verifikasi label,,,,
43,Fungisida,Merivon 250/250 SC,BASF Indonesia,Fluksapiroksad 250 g/L + Piraklostrobin 250 g/L,SC,100 ml; 250 ml,N/A - bukan insektisida,7 + 11,N/A - bukan herbisida,bercak daun; embun tepung; penyakit jamur,Master sebelumnya (PDF yang diunggah) | MoA diperbarui 23-09-2026,Terisi / terklasifikasi,IRAC/FRAC diperbarui berdasarkan klasifikasi MoA; N/A berarti kelompok tersebut tidak relevan untuk kategori produk.,,,,
44,Pestisida (registri; tipe belum dipetakan),PEMULUS 80 WG,BASF Indonesia,belerang 80%,WG,,,,,,Pranatani / registri Kementan — BASF Indonesia,Belum dipetakan,Entri registri tambahan; komposisi/MoA belum diisi agar tidak menebak. Gramasi bahan aktif dilengkapi dari halaman produk resmi/registri yang terverifikasi.,01020119951186,Terdaftar pada registri sumber (termasuk kemungkinan registrasi lama),Belum diverifikasi apakah sudah launch/beredar di pasar,https://pranatani.com/badan/pt-basf-indonesia/
45,Pestisida (registri; tipe belum dipetakan),POLYCOM 70 WG,BASF Indonesia,,,,,,,,Pranatani / registri Kementan — BASF Indonesia,Belum dipetakan,Entri registri tambahan; komposisi/MoA belum diisi agar tidak menebak.,01020120031839,Terdaftar pada registri sumber (termasuk kemungkinan registrasi lama),Belum diverifikasi apakah sudah launch/beredar di pasar,https://pranatani.com/badan/pt-basf-indonesia/
46,Pestisida (registri; tipe belum dipetakan),PONCHO 600 FS,BASF Indonesia,,,,,,,,Pranatani / registri Kementan — BASF Indonesia,Belum dipetakan,Entri registri tambahan; komposisi/MoA belum diisi agar tidak menebak.,01010120237920,Terdaftar pada registri sumber (termasuk kemungkinan registrasi lama),Belum diverifikasi apakah sudah launch/beredar di pasar,https://pranatani.com/badan/pt-basf-indonesia/
47,Herbisida,Prowl 330 EC,BASF Indonesia,Pendimetalin 330 g/L,EC,Tidak ditemukan pada sumber yang diverifikasi,N/A - bukan insektisida,N/A - bukan fungisida,3,gulma rumput tahunan; gulma daun lebar,Master sebelumnya (PDF yang diunggah) | MoA diperbarui 23-09-2026,Terisi / terklasifikasi,IRAC/FRAC diperbarui berdasarkan klasifikasi MoA; N/A berarti kelompok tersebut tidak relevan untuk kategori produk.,,,,
48,Pestisida (registri; tipe belum dipetakan),PRUNIT 100 SC,BASF Indonesia,propyrisulfuron 100 g/L,SC,,,,,,Pranatani / registri Kementan — BASF Indonesia,Belum dipetakan,Entri registri tambahan; komposisi/MoA belum diisi agar tidak menebak. Gramasi bahan aktif dilengkapi dari halaman produk resmi/registri yang terverifikasi.,01030120186212,Terdaftar pada registri sumber (termasuk kemungkinan registrasi lama),Belum diverifikasi apakah sudah launch/beredar di pasar,https://pranatani.com/badan/pt-basf-indonesia/
49,Pestisida (registri; tipe belum dipetakan),RAMPAGE 100 EC,BASF Indonesia,klorfenapir 100 g/L,EC,,,,,,Pranatani / registri Kementan — BASF Indonesia,Belum dipetakan,Entri registri tambahan; komposisi/MoA belum diisi agar tidak menebak. Gramasi bahan aktif dilengkapi dari halaman produk resmi/registri yang terverifikasi.,01010119971310,Terdaftar pada registri sumber (termasuk kemungkinan registrasi lama),Belum diverifikasi apakah sudah launch/beredar di pasar,https://pranatani.com/badan/pt-basf-indonesia/
50,Insektisida,Regent 0.3 GR,BASF Indonesia,fipronil 0.3%,GR,,2B,,,Hama tanah/padi,BASF Petani Sejahtera,Terverifikasi sebagian,,,,,
51,Insektisida,Regent 50 SC,BASF Indonesia,Fipronil 50 g/L,SC,100 ml; 500 ml,2B,N/A - bukan fungisida,N/A - bukan herbisida,penggerek; wereng; trips; jangkrik,Master sebelumnya (PDF yang diunggah) | MoA diperbarui 23-09-2026,Terisi / terklasifikasi,IRAC/FRAC diperbarui berdasarkan klasifikasi MoA; N/A berarti kelompok tersebut tidak relevan untuk kategori produk. Alias nama/varian warna digabung untuk mencegah duplikasi.,,,,
52,Pestisida (registri; tipe belum dipetakan),REVYRIZE 100/250 SC,BASF Indonesia,mefentriflukonazol 100 g/L + trisiklazol 250 g/L,SC,,,,,,Pranatani / registri Kementan — BASF Indonesia,Belum dipetakan,Entri registri tambahan; komposisi/MoA belum diisi agar tidak menebak. Gramasi bahan aktif dilengkapi dari halaman produk resmi/registri yang terverifikasi.,01020120227698,Terdaftar pada registri sumber (termasuk kemungkinan registrasi lama),Belum diverifikasi apakah sudah launch/beredar di pasar,https://pranatani.com/badan/pt-basf-indonesia/
53,Insektisida,Ripcord 50 EC,BASF Indonesia,sipermetrin 50 g/L,EC,,3A,,,Serangga pengunyah/pengisap,BASF Petani Sejahtera,Terverifikasi sebagian,,,,,
54,Fungisida,Seltima 100 CS,BASF Indonesia,Piraklostrobin 100 g/L,CS,250 ml; 500 ml,N/A - bukan insektisida,11,N/A - bukan herbisida,bercak daun; antraknosa; embun tepung; hawar,Master sebelumnya (PDF yang diunggah) | MoA diperbarui 23-09-2026,Terisi / terklasifikasi,IRAC/FRAC diperbarui berdasarkan klasifikasi MoA; N/A berarti kelompok tersebut tidak relevan untuk kategori produk.,,,,
55,Pestisida (registri; tipe belum dipetakan),SELTIMA PLUS 75/150 ZC,BASF Indonesia,piraklostrobin 75 g/L + trisiklazol 150 g/L,ZC,,,,,,Pranatani / registri Kementan — BASF Indonesia,Belum dipetakan,Entri registri tambahan; komposisi/MoA belum diisi agar tidak menebak. Gramasi bahan aktif dilengkapi dari halaman produk resmi/registri yang terverifikasi.,01020120217219,Terdaftar pada registri sumber (termasuk kemungkinan registrasi lama),Belum diverifikasi apakah sudah launch/beredar di pasar,https://pranatani.com/badan/pt-basf-indonesia/
56,Pestisida (registri; tipe belum dipetakan),SERCADIS PLUS 125 SC,BASF Indonesia,difenokonazol 50 g/L + fluksapiroksad 75 g/L,SC,,,,,,Pranatani / registri Kementan — BASF Indonesia,Belum dipetakan,Entri registri tambahan; komposisi/MoA belum diisi agar tidak menebak. Gramasi bahan aktif dilengkapi dari halaman produk resmi/registri yang terverifikasi.,01020120186220,Terdaftar pada registri sumber (termasuk kemungkinan registrasi lama),Belum diverifikasi apakah sudah launch/beredar di pasar,https://pranatani.com/badan/pt-basf-indonesia/
57,Pestisida (registri; tipe belum dipetakan),TAVIO 500/10 FS,BASF Indonesia,,,,,,,,Pranatani / registri Kementan — BASF Indonesia,Belum dipetakan,Entri registri tambahan; komposisi/MoA belum diisi agar tidak menebak.,01020120259004,Terdaftar pada registri sumber (termasuk kemungkinan registrasi lama),Belum diverifikasi apakah sudah launch/beredar di pasar,https://pranatani.com/badan/pt-basf-indonesia/
58,Herbisida,Tetris 75 EC,BASF Indonesia,,EC,,,,,Gulma rumput dan teki pada padi,BASF Petani Sejahtera,Perlu verifikasi,Bahan aktif belum dipastikan dari laman yang ditelusuri,,,,
59,Fungisida,ZAMPRO 525 SC,BASF Indonesia,ametokradin 300 g/L + dimetomorf 225 g/L,SC,,,,,,Pranatani / registri Kementan — BASF Indonesia,Belum dipetakan,Entri registri tambahan; komposisi/MoA belum diisi agar tidak menebak. Gramasi bahan aktif dilengkapi dari halaman produk resmi/registri yang terverifikasi.,01020120134650,Terdaftar pada registri sumber (termasuk kemungkinan registrasi lama),Belum diverifikasi apakah sudah launch/beredar di pasar,https://pranatani.com/badan/pt-basf-indonesia/
60,Pestisida (registri; tipe belum dipetakan),ZON 480 SL,BASF Indonesia,,,,,,,,Pranatani / registri Kementan — BASF Indonesia,Belum dipetakan,Entri registri tambahan; komposisi/MoA belum diisi agar tidak menebak.,01030120217235,Terdaftar pada registri sumber (termasuk kemungkinan registrasi lama),Belum diverifikasi apakah sudah launch/beredar di pasar,https://pranatani.com/badan/pt-basf-indonesia/
61,Fungisida,Acapela System 200/80 SC,Corteva Agriscience Manufacturing Indonesia,Pikoksistrobin 200 g/L + Fluksapiroksad 80 g/L,SC,Tidak ditemukan pada sumber yang diverifikasi,N/A - bukan insektisida,11 + 7,N/A - bukan herbisida,bercak daun; embun tepung; penyakit jamur,Master sebelumnya (PDF yang diunggah) | MoA diperbarui 23-09-2026,Terisi / terklasifikasi,IRAC/FRAC diperbarui berdasarkan klasifikasi MoA; N/A berarti kelompok tersebut tidak relevan untuk kategori produk.,,,,
62,Insektisida,Delegate 25 WG,Corteva Agriscience Manufacturing Indonesia,Spinetoram 25%,WG,Tidak ditemukan pada sumber yang diverifikasi,5,N/A - bukan fungisida,N/A - bukan herbisida,thrips; ulat,Master sebelumnya (PDF yang diunggah) | MoA diperbarui 23-09-2026,Terisi / terklasifikasi,IRAC/FRAC diperbarui berdasarkan klasifikasi MoA; N/A berarti kelompok tersebut tidak relevan untuk kategori produk.,,,,
63,Herbisida,Loyant 25 EC,Corteva Agriscience Manufacturing Indonesia,Florpyrauxifen-benzyl (Rinskor),EC,500 ml,N/A - bukan insektisida,N/A - bukan fungisida,4,gulma daun lebar; teki,Master sebelumnya (PDF yang diunggah) | MoA diperbarui 23-09-2026,Terisi / terklasifikasi,IRAC/FRAC diperbarui berdasarkan klasifikasi MoA; N/A berarti kelompok tersebut tidak relevan untuk kategori produk.,,,,
64,Herbisida,Novixid 32.5 OD,Corteva Agriscience Manufacturing Indonesia,Florpyrauxifen-benzyl (Rinskor) + bahan aktif pendamping,OD,Tidak ditemukan pada sumber yang diverifikasi,N/A - bukan insektisida,N/A - bukan fungisida,4,gulma daun lebar; teki,Master sebelumnya (PDF yang diunggah) | MoA diperbarui 23-09-2026,Terisi / terklasifikasi,IRAC/FRAC diperbarui berdasarkan klasifikasi MoA; N/A berarti kelompok tersebut tidak relevan untuk kategori produk.,,,,
65,Herbisida,Novlect 120 EC,Corteva Agriscience Manufacturing Indonesia,Florpyrauxifen-benzyl (Rinskor),EC,Tidak ditemukan pada sumber yang diverifikasi,N/A - bukan insektisida,N/A - bukan fungisida,4,gulma daun lebar; teki,Master sebelumnya (PDF yang diunggah) | MoA diperbarui 23-09-2026,Terisi / terklasifikasi,IRAC/FRAC diperbarui berdasarkan klasifikasi MoA; N/A berarti kelompok tersebut tidak relevan untuk kategori produk.,,,,
66,Insektisida,Pexalon 106 SC,Corteva Agriscience Manufacturing Indonesia,Triflumezopyrim 106 g/L,SC,Tidak ditemukan pada sumber yang diverifikasi,4E,N/A - bukan fungisida,N/A - bukan herbisida,Hama serangga sesuai label produk,Master sebelumnya (PDF yang diunggah) | MoA diperbarui 23-09-2026,Terisi / terklasifikasi,IRAC/FRAC diperbarui berdasarkan klasifikasi MoA; N/A berarti kelompok tersebut tidak relevan untuk kategori produk.,,,,
67,Fungisida,Zorvec Encantia 300/30 SE,Corteva Agriscience Manufacturing Indonesia,Oxathiapiprolin 30 g/L + Mandipropamid 300 g/L,SE,Tidak ditemukan pada sumber yang diverifikasi,N/A - bukan insektisida,49 + 40,N/A - bukan herbisida,Phytophthora; Pythium,Master sebelumnya (PDF yang diunggah) | MoA diperbarui 23-09-2026,Terisi / terklasifikasi,IRAC/FRAC diperbarui berdasarkan klasifikasi MoA; N/A berarti kelompok tersebut tidak relevan untuk kategori produk.,,,,
68,Fungisida,Agrokol 70 WP,CV. SAPROTAN UTAMA,Propineb 70%,WP,,,M03,,Bercak daun Alternaria porri bawang,Saprotan Utama – katalog resmi Produk Pak Tani,Terisi / perlu verifikasi label,"Sumber katalog resmi Saprotan Utama. Jika bahan aktif tidak tercantum pada halaman katalog yang terindeks, sengaja dikosongkan agar tidak mengarang.",,Belum diverifikasi dari label,,Saprotan Utama – katalog resmi Produk Pak Tani
69,Insektisida,Arcodion 200 EC,CV. SAPROTAN UTAMA,,EC,,,,,,Saprotan Utama – katalog resmi Produk Pak Tani,Belum diklasifikasikan,"Sumber katalog resmi Saprotan Utama. Jika bahan aktif tidak tercantum pada halaman katalog yang terindeks, sengaja dikosongkan agar tidak mengarang.",,Belum diverifikasi dari label,,Saprotan Utama – katalog resmi Produk Pak Tani
70,Insektisida,Avidor 25 WP,CV. SAPROTAN UTAMA,,WP,,,4A,,Wereng coklat padi dan hama cabai,Saprotan Utama – katalog resmi Produk Pak Tani,Terisi / perlu verifikasi label,"Sumber katalog resmi Saprotan Utama. Jika bahan aktif tidak tercantum pada halaman katalog yang terindeks, sengaja dikosongkan agar tidak mengarang.",,Belum diverifikasi dari label,,Saprotan Utama – katalog resmi Produk Pak Tani
71,Insektisida,Avimax 20/100 EC,CV. SAPROTAN UTAMA,,EC,,,,,,Saprotan Utama – katalog resmi Produk Pak Tani,Belum diklasifikasikan,"Sumber katalog resmi Saprotan Utama. Jika bahan aktif tidak tercantum pada halaman katalog yang terindeks, sengaja dikosongkan agar tidak mengarang.",,Belum diverifikasi dari label,,Saprotan Utama – katalog resmi Produk Pak Tani
72,Herbisida,Bom UP 520 SL,CV. SAPROTAN UTAMA,,SL,,,,9,,Saprotan Utama – katalog resmi Produk Pak Tani,Terisi / perlu verifikasi label,"Sumber katalog resmi Saprotan Utama. Jika bahan aktif tidak tercantum pada halaman katalog yang terindeks, sengaja dikosongkan agar tidak mengarang.",,Belum diverifikasi dari label,,Saprotan Utama – katalog resmi Produk Pak Tani
73,Fungisida,Detan-neb 80 WP,CV. SAPROTAN UTAMA,Mankozeb 80%,WP,,,M03,,Bercak daun bawang; busuk daun kentang,Saprotan Utama – katalog resmi Produk Pak Tani,Terisi / perlu verifikasi label,"Sumber katalog resmi Saprotan Utama. Jika bahan aktif tidak tercantum pada halaman katalog yang terindeks, sengaja dikosongkan agar tidak mengarang.",,Belum diverifikasi dari label,,Saprotan Utama – katalog resmi Produk Pak Tani
74,Biostimulan / Pupuk Organik,Fertibio,CV. SAPROTAN UTAMA,"Mikroba fungsional + bahan organik; N 0,82%; P2O5 1,03%; K2O 0,61%; C-organik >12%",Granul,,,,,Meningkatkan kesuburan hayati; penambatan N; pelarutan P; penguraian K; menghasilkan fitohormon,Saprotan Utama – halaman resmi Fertibio,Belum diklasifikasikan,FertiBio Plus mengandung mikroba fungsional dan menghasilkan fitohormon; bukan pestisida kimia.,,Produk tercantum pada katalog resmi,,Saprotan Utama – halaman resmi Fertibio
75,Herbisida,Jon UP 480 SL,CV. SAPROTAN UTAMA,,SL,,,,9,,Saprotan Utama – katalog resmi Produk Pak Tani,Terisi / perlu verifikasi label,"Sumber katalog resmi Saprotan Utama. Jika bahan aktif tidak tercantum pada halaman katalog yang terindeks, sengaja dikosongkan agar tidak mengarang.",,Belum diverifikasi dari label,,Saprotan Utama – katalog resmi Produk Pak Tani
76,Insektisida,Jordan 5 GR,CV. SAPROTAN UTAMA,,GR,,,,,,Saprotan Utama – katalog resmi Produk Pak Tani,Belum diklasifikasikan,"Sumber katalog resmi Saprotan Utama. Jika bahan aktif tidak tercantum pada halaman katalog yang terindeks, sengaja dikosongkan agar tidak mengarang.",,Belum diverifikasi dari label,,Saprotan Utama – katalog resmi Produk Pak Tani
77,Zat Pengatur Tumbuh,Katrol 10 PA,CV. SAPROTAN UTAMA,,PA,,,,,Merangsang keluarnya getah karet,Saprotan Utama – katalog resmi Produk Pak Tani,Terisi / perlu verifikasi label,Data produk ditambahkan dari sumber katalog/registri; kadar bahan aktif perlu diverifikasi dari label bila belum tercantum.,,Belum diverifikasi dari label,,Saprotan Utama – katalog resmi Produk Pak Tani
78,Insektisida,Kempo 400 SL,CV. SAPROTAN UTAMA,,SL,,,,,,Saprotan Utama – katalog resmi Produk Pak Tani,Belum diklasifikasikan,"Sumber katalog resmi Saprotan Utama. Jika bahan aktif tidak tercantum pada halaman katalog yang terindeks, sengaja dikosongkan agar tidak mengarang.",,Belum diverifikasi dari label,,Saprotan Utama – katalog resmi Produk Pak Tani
79,Fungisida,Kudanil 75 WP,CV. SAPROTAN UTAMA,,WP,,,,,,Saprotan Utama – katalog resmi Produk Pak Tani,Belum diklasifikasikan,"Sumber katalog resmi Saprotan Utama. Jika bahan aktif tidak tercantum pada halaman katalog yang terindeks, sengaja dikosongkan agar tidak mengarang.",,Belum diverifikasi dari label,,Saprotan Utama – katalog resmi Produk Pak Tani
80,Fungisida,Manteb 80 WP,CV. SAPROTAN UTAMA,Mankozeb 80%,WP,,,M03,,Phytophthora infestans kentang,Saprotan Utama – katalog resmi Produk Pak Tani,Terisi / perlu verifikasi label,"Sumber katalog resmi Saprotan Utama. Jika bahan aktif tidak tercantum pada halaman katalog yang terindeks, sengaja dikosongkan agar tidak mengarang. Alias nama/varian warna digabung untuk mencegah duplikasi.",,Belum diverifikasi dari label,,Saprotan Utama – katalog resmi Produk Pak Tani
81,Herbisida,Marxone 300 SL,CV. SAPROTAN UTAMA,,SL,,,,22,,Saprotan Utama – katalog resmi Produk Pak Tani,Terisi / perlu verifikasi label,"Sumber katalog resmi Saprotan Utama. Jika bahan aktif tidak tercantum pada halaman katalog yang terindeks, sengaja dikosongkan agar tidak mengarang.",,Belum diverifikasi dari label,,Saprotan Utama – katalog resmi Produk Pak Tani
82,Insektisida,Pentacron 500 EC,CV. SAPROTAN UTAMA,Profenofos 500 g/L,EC,,1B,,,Hama ulat cabai/kedelai,Saprotan Utama – katalog resmi Produk Pak Tani,Terisi / perlu verifikasi label,"Sumber katalog resmi Saprotan Utama. Jika bahan aktif tidak tercantum pada halaman katalog yang terindeks, sengaja dikosongkan agar tidak mengarang.",,Belum diverifikasi dari label,,Saprotan Utama – katalog resmi Produk Pak Tani
83,Fungisida,Pentacur 722 SL,CV. SAPROTAN UTAMA,,SL,,,,,,Saprotan Utama – katalog resmi Produk Pak Tani,Belum diklasifikasikan,"Sumber katalog resmi Saprotan Utama. Jika bahan aktif tidak tercantum pada halaman katalog yang terindeks, sengaja dikosongkan agar tidak mengarang.",,Belum diverifikasi dari label,,Saprotan Utama – katalog resmi Produk Pak Tani
84,Herbisida,Posat 480 SL,CV. SAPROTAN UTAMA,,SL,,,,9,,Saprotan Utama – katalog resmi Produk Pak Tani,Terisi / perlu verifikasi label,"Sumber katalog resmi Saprotan Utama. Jika bahan aktif tidak tercantum pada halaman katalog yang terindeks, sengaja dikosongkan agar tidak mengarang.",,Belum diverifikasi dari label,,Saprotan Utama – katalog resmi Produk Pak Tani
85,Insektisida,Posban 200 EC,CV. SAPROTAN UTAMA,Klorpirifos 200 g/L,EC,,1B,,,Spodoptera exigua bawang; Thrips cabai; Spodoptera litura kedelai,Saprotan Utama – katalog resmi Produk Pak Tani,Terisi / perlu verifikasi label,"Sumber katalog resmi Saprotan Utama. Jika bahan aktif tidak tercantum pada halaman katalog yang terindeks, sengaja dikosongkan agar tidak mengarang.",,Belum diverifikasi dari label,,Saprotan Utama – katalog resmi Produk Pak Tani
86,Zat Pengatur Tumbuh,Poston 250 SC,CV. SAPROTAN UTAMA,,SC,,,,,,Saprotan Utama – katalog resmi Produk Pak Tani,Terisi / perlu verifikasi label,"Sumber katalog resmi Saprotan Utama. Jika bahan aktif tidak tercantum pada halaman katalog yang terindeks, sengaja dikosongkan agar tidak mengarang.",,Belum diverifikasi dari label,,Saprotan Utama – katalog resmi Produk Pak Tani
87,Zat Pengatur Tumbuh,Prime Plus 25 EC,CV. SAPROTAN UTAMA,,EC,,,,,Mengurangi tunas samping tembakau,Saprotan Utama – katalog resmi Produk Pak Tani,Terisi / perlu verifikasi label,Data produk ditambahkan dari sumber katalog/registri; kadar bahan aktif perlu diverifikasi dari label bila belum tercantum.,,Belum diverifikasi dari label,,Saprotan Utama – katalog resmi Produk Pak Tani
88,Herbisida,Quatxone 150 SL,CV. SAPROTAN UTAMA,,SL,,,,22,,Saprotan Utama – katalog resmi Produk Pak Tani,Terisi / perlu verifikasi label,"Sumber katalog resmi Saprotan Utama. Jika bahan aktif tidak tercantum pada halaman katalog yang terindeks, sengaja dikosongkan agar tidak mengarang.",,Belum diverifikasi dari label,,Saprotan Utama – katalog resmi Produk Pak Tani
89,Herbisida,Ramoxone 278 SL,CV. SAPROTAN UTAMA,,SL,,,,22,,Saprotan Utama – katalog resmi Produk Pak Tani,Terisi / perlu verifikasi label,"Sumber katalog resmi Saprotan Utama. Jika bahan aktif tidak tercantum pada halaman katalog yang terindeks, sengaja dikosongkan agar tidak mengarang.",,Belum diverifikasi dari label,,Saprotan Utama – katalog resmi Produk Pak Tani
90,Zat Pengatur Tumbuh,Sentral 11 PA,CV. SAPROTAN UTAMA,,PA,,,,,Merangsang keluarnya getah karet,Saprotan Utama – katalog resmi Produk Pak Tani,Terisi / perlu verifikasi label,Data produk ditambahkan dari sumber katalog/registri; kadar bahan aktif perlu diverifikasi dari label bila belum tercantum.,,Belum diverifikasi dari label,,Saprotan Utama – katalog resmi Produk Pak Tani
91,Insektisida,Starmek 18 EC,CV. SAPROTAN UTAMA,Abamektin 18 g/L,EC,,6,,,"Hama cabai, kentang, padi",Saprotan Utama – katalog resmi Produk Pak Tani,Terisi / perlu verifikasi label,"Sumber katalog resmi Saprotan Utama. Jika bahan aktif tidak tercantum pada halaman katalog yang terindeks, sengaja dikosongkan agar tidak mengarang.",,Belum diverifikasi dari label,,Saprotan Utama – katalog resmi Produk Pak Tani
92,Herbisida,Sutrazin 560 SC,CV. SAPROTAN UTAMA,,SC,,,,,,Saprotan Utama – katalog resmi Produk Pak Tani,Belum diklasifikasikan,"Sumber katalog resmi Saprotan Utama. Jika bahan aktif tidak tercantum pada halaman katalog yang terindeks, sengaja dikosongkan agar tidak mengarang.",,Belum diverifikasi dari label,,Saprotan Utama – katalog resmi Produk Pak Tani
93,Fungisida,Taft 75 WP,CV. SAPROTAN UTAMA,,WP,,,,,,Saprotan Utama – katalog resmi Produk Pak Tani,Belum diklasifikasikan,"Sumber katalog resmi Saprotan Utama. Jika bahan aktif tidak tercantum pada halaman katalog yang terindeks, sengaja dikosongkan agar tidak mengarang.",,Belum diverifikasi dari label,,Saprotan Utama – katalog resmi Produk Pak Tani
94,Biostimulan / Pupuk Cair,Tanigrow,CV. SAPROTAN UTAMA,NPK cair (komposisi rinci perlu verifikasi label),Cair,,,,,"Daun, bunga dan buah; merangsang pembentukan bunga dan biji",Saprotan Utama – katalog resmi Produk Pak Tani,Belum diklasifikasikan,"Katalog resmi menyebut NPK cair untuk daun, bunga dan buah. Kadar bahan perlu diverifikasi dari label.",,Produk tercantum pada katalog resmi,,Saprotan Utama – katalog resmi Produk Pak Tani
95,Fungisida,Tonikur 250 EC,CV. SAPROTAN UTAMA,,EC,,,,,,Saprotan Utama – katalog resmi Produk Pak Tani,Belum diklasifikasikan,"Sumber katalog resmi Saprotan Utama. Jika bahan aktif tidak tercantum pada halaman katalog yang terindeks, sengaja dikosongkan agar tidak mengarang.",,Belum diverifikasi dari label,,Saprotan Utama – katalog resmi Produk Pak Tani
96,Herbisida,Top-Sat 240 SL,CV. SAPROTAN UTAMA,,SL,,,,9,,Saprotan Utama – katalog resmi Produk Pak Tani,Terisi / perlu verifikasi label,"Sumber katalog resmi Saprotan Utama. Jika bahan aktif tidak tercantum pada halaman katalog yang terindeks, sengaja dikosongkan agar tidak mengarang.",,Belum diverifikasi dari label,,Saprotan Utama – katalog resmi Produk Pak Tani
97,Insektisida,Toram 25 SP,CV. SAPROTAN UTAMA,,SP,,,,,,Saprotan Utama – katalog resmi Produk Pak Tani,Belum diklasifikasikan,"Sumber katalog resmi Saprotan Utama. Jika bahan aktif tidak tercantum pada halaman katalog yang terindeks, sengaja dikosongkan agar tidak mengarang.",,Belum diverifikasi dari label,,Saprotan Utama – katalog resmi Produk Pak Tani
98,Fungisida,Torbinol 480 SC,CV. SAPROTAN UTAMA,,SC,,,,,,Saprotan Utama – katalog resmi Produk Pak Tani,Belum diklasifikasikan,"Sumber katalog resmi Saprotan Utama. Jika bahan aktif tidak tercantum pada halaman katalog yang terindeks, sengaja dikosongkan agar tidak mengarang.",,Belum diverifikasi dari label,,Saprotan Utama – katalog resmi Produk Pak Tani
99,Insektisida,Tumagon Plus 240 EC,CV. SAPROTAN UTAMA,,EC,,,,,,Saprotan Utama – katalog resmi Produk Pak Tani,Belum diklasifikasikan,"Sumber katalog resmi Saprotan Utama. Jika bahan aktif tidak tercantum pada halaman katalog yang terindeks, sengaja dikosongkan agar tidak mengarang.",,Belum diverifikasi dari label,,Saprotan Utama – katalog resmi Produk Pak Tani
100,Herbisida,Ultron 25/18 WP,CV. SAPROTAN UTAMA,,WP,,,,,,Saprotan Utama – katalog resmi Produk Pak Tani,Belum diklasifikasikan,"Sumber katalog resmi Saprotan Utama. Jika bahan aktif tidak tercantum pada halaman katalog yang terindeks, sengaja dikosongkan agar tidak mengarang.",,Belum diverifikasi dari label,,Saprotan Utama – katalog resmi Produk Pak Tani
101,Pestisida (registri; tipe belum dipetakan),AMMATE 30 WG,FMC Agricultural Manufacturing,indoksakarb 30%,WG,,,,,,Pranatani / registri Kementan — FMC Agricultural Manufacturing,Belum dipetakan,Entri registri tambahan; komposisi/MoA belum diisi agar tidak menebak. Gramasi bahan aktif dilengkapi dari halaman produk resmi/registri yang terverifikasi.,01010120227485,Terdaftar pada registri sumber (termasuk kemungkinan registrasi lama),Belum diverifikasi apakah sudah launch/beredar di pasar,https://pranatani.com/badan/pt-fmc-agricultural-manufacturing/
102,Pestisida (registri; tipe belum dipetakan),AVATAR EVO 30 WG,FMC Agricultural Manufacturing,indoksakarb 30%,WG,,,,,,Pranatani / registri Kementan — FMC Agricultural Manufacturing,Belum dipetakan,Entri registri tambahan; komposisi/MoA belum diisi agar tidak menebak. Gramasi bahan aktif dilengkapi dari halaman produk resmi/registri yang terverifikasi.,032020488,Terdaftar pada registri sumber (termasuk kemungkinan registrasi lama),Belum diverifikasi apakah sudah launch/beredar di pasar,https://pranatani.com/badan/pt-fmc-agricultural-manufacturing/
103,Pestisida (registri; tipe belum dipetakan),BESTOX 100 EC,FMC Agricultural Manufacturing,bifentrin 100 g/L,EC,,,,,,Pranatani / registri Kementan — FMC Agricultural Manufacturing,Belum dipetakan,Entri registri tambahan; komposisi/MoA belum diisi agar tidak menebak. Gramasi bahan aktif dilengkapi dari halaman produk resmi/registri yang terverifikasi.,01010120237852,Terdaftar pada registri sumber (termasuk kemungkinan registrasi lama),Belum diverifikasi apakah sudah launch/beredar di pasar,https://pranatani.com/badan/pt-fmc-agricultural-manufacturing/
104,Pestisida (registri; tipe belum dipetakan),CERTACOR 35 WG,FMC Agricultural Manufacturing,klorantraniliprol 35%,WG,,,,,,Pranatani / registri Kementan — FMC Agricultural Manufacturing,Belum dipetakan,Entri registri tambahan; komposisi/MoA belum diisi agar tidak menebak. Gramasi bahan aktif dilengkapi dari halaman produk resmi/registri yang terverifikasi.,01010120227629,Terdaftar pada registri sumber (termasuk kemungkinan registrasi lama),Belum diverifikasi apakah sudah launch/beredar di pasar,https://pranatani.com/badan/pt-fmc-agricultural-manufacturing/
105,Pestisida (registri; tipe belum dipetakan),ELICOR 50 SC,FMC Agricultural Manufacturing,klorantraniliprol 50 g/L,SC,,,,,,Pranatani / registri Kementan — FMC Agricultural Manufacturing,Belum dipetakan,Entri registri tambahan; komposisi/MoA belum diisi agar tidak menebak. Gramasi bahan aktif dilengkapi dari halaman produk resmi/registri yang terverifikasi.,01010120227638,Terdaftar pada registri sumber (termasuk kemungkinan registrasi lama),Belum diverifikasi apakah sudah launch/beredar di pasar,https://pranatani.com/badan/pt-fmc-agricultural-manufacturing/
106,Pestisida (registri; tipe belum dipetakan),ENFUSE 200 SC,FMC Agricultural Manufacturing,klorantraniliprol 200 g/L,SC,,,,,,Pranatani / registri Kementan — FMC Agricultural Manufacturing,Belum dipetakan,Entri registri tambahan; komposisi/MoA belum diisi agar tidak menebak. Gramasi bahan aktif dilengkapi dari halaman produk resmi/registri yang terverifikasi.,01010120227641,Terdaftar pada registri sumber (termasuk kemungkinan registrasi lama),Belum diverifikasi apakah sudah launch/beredar di pasar,https://pranatani.com/badan/pt-fmc-agricultural-manufacturing/
107,Pestisida (registri; tipe belum dipetakan),FREECOR 50 SC,FMC Agricultural Manufacturing,klorantraniliprol 50 g/L,SC,,,,,,Pranatani / registri Kementan — FMC Agricultural Manufacturing,Belum dipetakan,Entri registri tambahan; komposisi/MoA belum diisi agar tidak menebak. Gramasi bahan aktif dilengkapi dari halaman produk resmi/registri yang terverifikasi.,01010120227647,Terdaftar pada registri sumber (termasuk kemungkinan registrasi lama),Belum diverifikasi apakah sudah launch/beredar di pasar,https://pranatani.com/badan/pt-fmc-agricultural-manufacturing/
108,Pestisida (registri; tipe belum dipetakan),PRESTICOR 600 SC,FMC Agricultural Manufacturing,klorantraniliprol 600 g/L,SC,,,,,,Pranatani / registri Kementan — FMC Agricultural Manufacturing,Belum dipetakan,Entri registri tambahan; komposisi/MoA belum diisi agar tidak menebak. Gramasi bahan aktif dilengkapi dari halaman produk resmi/registri yang terverifikasi.,01010120227571,Terdaftar pada registri sumber (termasuk kemungkinan registrasi lama),Belum diverifikasi apakah sudah launch/beredar di pasar,https://pranatani.com/badan/pt-fmc-agricultural-manufacturing/
109,Pestisida (registri; tipe belum dipetakan),PREZA100 OD,FMC Agricultural Manufacturing,siantraniliprol 100 g/L,OD,,,,,,Pranatani / registri Kementan — FMC Agricultural Manufacturing,Belum dipetakan,Entri registri tambahan; komposisi/MoA belum diisi agar tidak menebak. Gramasi bahan aktif dilengkapi dari halaman produk resmi/registri yang terverifikasi.,01010120134700,Terdaftar pada registri sumber (termasuk kemungkinan registrasi lama),Belum diverifikasi apakah sudah launch/beredar di pasar,https://pranatani.com/badan/pt-fmc-agricultural-manufacturing/
110,Pestisida (registri; tipe belum dipetakan),SHENZI 35 WG,FMC Agricultural Manufacturing,klorantraniliprol 35%,WG,,,,,,Pranatani / registri Kementan — FMC Agricultural Manufacturing,Belum dipetakan,Entri registri tambahan; komposisi/MoA belum diisi agar tidak menebak. Gramasi bahan aktif dilengkapi dari halaman produk resmi/registri yang terverifikasi.,01010120103605,Terdaftar pada registri sumber (termasuk kemungkinan registrasi lama),Belum diverifikasi apakah sudah launch/beredar di pasar,https://pranatani.com/badan/pt-fmc-agricultural-manufacturing/
111,Pestisida (registri; tipe belum dipetakan),VISICOR 600 SC,FMC Agricultural Manufacturing,klorantraniliprol 600 g/L,SC,,,,,,Pranatani / registri Kementan — FMC Agricultural Manufacturing,Belum dipetakan,Entri registri tambahan; komposisi/MoA belum diisi agar tidak menebak. Gramasi bahan aktif dilengkapi dari halaman produk resmi/registri yang terverifikasi.,01010120227600,Terdaftar pada registri sumber (termasuk kemungkinan registrasi lama),Belum diverifikasi apakah sudah launch/beredar di pasar,https://pranatani.com/badan/pt-fmc-agricultural-manufacturing/
112,Herbisida,Affinity 40 WG,FMC Indonesia,Metsulfuron-metil + bahan aktif pendamping,WG,Tidak ditemukan pada sumber yang diverifikasi,N/A - bukan insektisida,N/A - bukan fungisida,2,gulma daun lebar; beberapa gulma berdaun sempit,Master sebelumnya (PDF yang diunggah) | MoA diperbarui 23-09-2026,Terisi / terklasifikasi,IRAC/FRAC diperbarui berdasarkan klasifikasi MoA; N/A berarti kelompok tersebut tidak relevan untuk kategori produk.,,,,
113,Herbisida,Ally 20 WG,FMC Indonesia,Metsulfuron-metil 20%,WG,Tidak ditemukan pada sumber yang diverifikasi,N/A - bukan insektisida,N/A - bukan fungisida,2,gulma daun lebar; beberapa gulma berdaun sempit,Master sebelumnya (PDF yang diunggah) | MoA diperbarui 23-09-2026,Terisi / terklasifikasi,IRAC/FRAC diperbarui berdasarkan klasifikasi MoA; N/A berarti kelompok tersebut tidak relevan untuk kategori produk.,,,,
114,Insektisida,Ammate 150 EC,FMC Indonesia,Indoksakarb 150 g/L,EC,Tidak ditemukan pada sumber yang diverifikasi,22A + 6,N/A - bukan fungisida,N/A - bukan herbisida,ulat grayak; ulat buah; ulat Lepidoptera,Master sebelumnya (PDF yang diunggah) | MoA diperbarui 23-09-2026,Terisi / terklasifikasi,IRAC/FRAC diperbarui berdasarkan klasifikasi MoA; N/A berarti kelompok tersebut tidak relevan untuk kategori produk.,,,,
115,Insektisida,Arrivo 30 EC,FMC Indonesia,sipermetrin 30 g/L,EC,,3A,,,Serangga pengunyah/pengisap,FMC Indonesia – portfolio resmi,Terverifikasi sebagian,,,,,
116,Insektisida,Bestox 50 EC,FMC Indonesia,fenvalerate 50 g/L,EC,,3A,,,Serangga pengunyah/pengisap,FMC Indonesia – portfolio resmi,Terverifikasi sebagian,,,,,
117,Herbisida,Boral 480 SC,FMC Indonesia,Sulfentrazone 480 g/L,SC,Tidak ditemukan pada sumber yang diverifikasi,N/A - bukan insektisida,N/A - bukan fungisida,Perlu verifikasi,Gulma sesuai label produk,Master sebelumnya (PDF yang diunggah) | MoA diperbarui 23-09-2026,Perlu verifikasi,IRAC/FRAC diperbarui berdasarkan klasifikasi MoA; N/A berarti kelompok tersebut tidak relevan untuk kategori produk.,,,,
118,Insektisida,Elevest 106/159 SC,FMC Indonesia,Flupyradifurone 106 g/L + Bifenthrin 159 g/L,SC,Tidak ditemukan pada sumber yang diverifikasi,4D + 3A,N/A - bukan fungisida,N/A - bukan herbisida,kutu daun; kutu kebul; wereng; trips,Master sebelumnya (PDF yang diunggah) | MoA diperbarui 23-09-2026,Terisi / terklasifikasi,IRAC/FRAC diperbarui berdasarkan klasifikasi MoA; N/A berarti kelompok tersebut tidak relevan untuk kategori produk.,,,,
119,Fungisida,Flint Pro 64.8 WG,FMC Indonesia,"Trifloxistrobin 50% + Fluopikolid 14,8%",WG,Tidak ditemukan pada sumber yang diverifikasi,N/A - bukan insektisida,11 + 43,N/A - bukan herbisida,Phytophthora; Pythium; penyakit oomycete,Master sebelumnya (PDF yang diunggah) | MoA diperbarui 23-09-2026,Terisi / terklasifikasi,IRAC/FRAC diperbarui berdasarkan klasifikasi MoA; N/A berarti kelompok tersebut tidak relevan untuk kategori produk.,,,,
120,Insektisida,Fury 50 EC,FMC Indonesia,zeta-cypermethrin 50 g/L,EC,,3A,,,Serangga pengunyah/pengisap,FMC Indonesia – portfolio resmi,Terverifikasi sebagian,,,,,
121,Fungisida,Heksa 50 SC,FMC Indonesia,hexaconazole 50 g/L,SC,,,3,,Penyakit jamur,FMC Indonesia – portfolio resmi,Terverifikasi sebagian,,,,,
122,Fungisida,Infinito 687.5 SC,FMC Indonesia,"Fluopikolid 62,5 g/L + Propamokarb HCl 625 g/L",SC,Tidak ditemukan pada sumber yang diverifikasi,N/A - bukan insektisida,43 + 28,N/A - bukan herbisida,Phytophthora; Pythium; penyakit oomycete,Master sebelumnya (PDF yang diunggah) | MoA diperbarui 23-09-2026,Terisi / terklasifikasi,IRAC/FRAC diperbarui berdasarkan klasifikasi MoA; N/A berarti kelompok tersebut tidak relevan untuk kategori produk.,,,,
123,Fungisida,KIVALO 200/200 SC,FMC Indonesia,Fluopyram 200 g/L; Tebukonazol 200 g/L,SC,250 ml,,,,Penyakit jamur,FMC Indonesia – portfolio resmi,Belum dipetakan,Entri registri tambahan; komposisi/MoA belum diisi agar tidak menebak.,01020120155161,Terdaftar pada registri sumber (termasuk kemungkinan registrasi lama),Belum diverifikasi apakah sudah launch/beredar di pasar,https://pranatani.com/badan/pt-bayer-indonesia/
124,Insektisida,Marshal 200 EC,FMC Indonesia,Karbosulfan 200 g/L,EC,Tidak ditemukan pada sumber yang diverifikasi,1A,N/A - bukan fungisida,N/A - bukan herbisida,penggerek; ulat; wereng,Master sebelumnya (PDF yang diunggah) | MoA diperbarui 23-09-2026,Terisi / terklasifikasi,IRAC/FRAC diperbarui berdasarkan klasifikasi MoA; N/A berarti kelompok tersebut tidak relevan untuk kategori produk.,,,,
125,Insektisida,Marshal 200 SC,FMC Indonesia,carbosulfan 200 g/L,SC,,1A,,,Serangga tanah dan serangga pengisap/pengunyah,FMC Indonesia – portfolio resmi,Terverifikasi sebagian,,,,,
126,Insektisida,Marshal 25 DS,FMC Indonesia,carbosulfan,,DS,,,,Perlakuan benih,FMC Indonesia – portfolio resmi,Perlu verifikasi,Kadar perlu verifikasi,,,,
127,Insektisida,Marshal 5 GR,FMC Indonesia,carbosulfan,,GR,,,,Hama tanah,FMC Indonesia – portfolio resmi,Perlu verifikasi,Kadar perlu verifikasi,,,,
128,Fungisida,Octave 50 WP,FMC Indonesia,prochloraz 50%,WP,,,3,,Penyakit jamur,FMC Indonesia – portfolio resmi,Terverifikasi sebagian,,,,,
129,Insektisida,Pounce 20 EC,FMC Indonesia,permethrin 20 g/L,EC,,3A,,,Serangga pengunyah/pengisap,FMC Indonesia – portfolio resmi,Terverifikasi sebagian,,,,,
130,Insektisida,Prevathon 50 SC,FMC Indonesia,Klorantraniliprol 50 g/L,SC,50 ml; 100 ml; 250 ml,28,N/A - bukan fungisida,N/A - bukan herbisida,ulat Lepidoptera; penggerek batang; ulat grayak,Master sebelumnya (PDF yang diunggah) | MoA diperbarui 23-09-2026,Terisi / terklasifikasi,IRAC/FRAC diperbarui berdasarkan klasifikasi MoA; N/A berarti kelompok tersebut tidak relevan untuk kategori produk.,,,,
131,Insektisida,Prevathon Pro 200 SC,FMC Indonesia,chlorantraniliprole,SC,100 ml,,28,,Ulat Lepidoptera,FMC Indonesia – portfolio resmi,Terverifikasi sebagian,Kadar perlu verifikasi,,,,
132,Herbisida,Pyzero 100 EC,FMC Indonesia,metamifop 100 g/L,EC,,,,,Gulma,FMC Indonesia – portfolio resmi,Perlu verifikasi,Bahan aktif perlu konfirmasi Gramasi bahan aktif dilengkapi dari halaman produk resmi/registri yang terverifikasi.,,,,
133,Fungisida,Quintect 105 SC,FMC Indonesia,"Fluopikolid 52,5 g/L + Propamokarb HCl 52,5 g/L",SC,Tidak ditemukan pada sumber yang diverifikasi,N/A - bukan insektisida,43 + 28,N/A - bukan herbisida,Phytophthora; Pythium; penyakit oomycete,Master sebelumnya (PDF yang diunggah) | MoA diperbarui 23-09-2026,Terisi / terklasifikasi,IRAC/FRAC diperbarui berdasarkan klasifikasi MoA; N/A berarti kelompok tersebut tidak relevan untuk kategori produk.,,,,
134,Fungisida,Rovral 50 WP,FMC Indonesia,iprodione 50%,WP,,,2,,Penyakit jamur,FMC Indonesia – portfolio resmi,Terverifikasi sebagian,,,,,
135,Fungisida,Targena 228 SC,FMC Indonesia,zinc thiazole 228 g/L,SC,,,,,Penyakit tanaman,FMC Indonesia – portfolio resmi,Perlu verifikasi,Bahan aktif perlu dikonfirmasi Gramasi bahan aktif dilengkapi dari halaman produk resmi/registri yang terverifikasi.,,,,
136,Herbisida,Tigold XL 10 WP,FMC Indonesia,pyrazosulfuron ethyl 10%,WP,,,,,Gulma,FMC Indonesia – portfolio resmi,Perlu verifikasi,Bahan aktif perlu konfirmasi Gramasi bahan aktif dilengkapi dari halaman produk resmi/registri yang terverifikasi.,,,,
137,Biostimulant,A-PlusCal,PT Advansia Indotani,"CaO 34%; Zn 1,6%; B 0,6%",-,200 g,N/A - bukan insektisida,N/A - bukan fungisida,N/A - bukan herbisida,Kerontokan bunga; blossom end rot; kualitas/daysimpan buah,PT Advansia Indotani | MoA diperbarui 23-09-2026,Terisi / terklasifikasi,IRAC/FRAC diperbarui berdasarkan klasifikasi MoA; N/A berarti kelompok tersebut tidak relevan untuk kategori produk.,,,,
138,Pestisida,ABASRI 80 OD,PT. ADVANSIA INDOTANI,,,,,,,,Pranatani/Kementan registry,Perlu enrichment,Nomor pendaftaran 01030120248225. Registri bukan bukti produk sudah launch/beredar; detail teknis perlu enrichment dari halaman produk.,,,,
139,Pestisida,ABENZ 22 EC,PT. ADVANSIA INDOTANI,,,,,,,,Pranatani/Kementan registry,Perlu enrichment,Nomor pendaftaran 01010120124271. Registri bukan bukti produk sudah launch/beredar; detail teknis perlu enrichment dari halaman produk.,,,,
140,Pestisida,ABIKO 75 WG,PT. ADVANSIA INDOTANI,,,,,,,,Pranatani/Kementan registry,Perlu enrichment,Nomor pendaftaran 01030120206886. Registri bukan bukti produk sudah launch/beredar; detail teknis perlu enrichment dari halaman produk.,,,,
141,Herbisida,ABIMEE 100 SC,PT Advansia Indotani,Natrium bispiribak 100 g/L,SC,100–250 ml,N/A - bukan insektisida,N/A - bukan fungisida,2,Gulma daun lebar; gulma daun sempit; teki,PT Advansia Indotani | MoA diperbarui 23-09-2026,Terisi / terklasifikasi,IRAC/FRAC diperbarui berdasarkan klasifikasi MoA; N/A berarti kelompok tersebut tidak relevan untuk kategori produk.,,,,
142,Pestisida,ABITA 200 EW,PT. ADVANSIA INDOTANI,,,,,,,,Pranatani/Kementan registry,Perlu enrichment,Nomor pendaftaran 01060120217014. Registri bukan bukti produk sudah launch/beredar; detail teknis perlu enrichment dari halaman produk.,,,,
143,Pestisida,ABOJO 60 WP,PT. ADVANSIA INDOTANI,,,,,,,,Pranatani/Kementan registry,Perlu enrichment,Nomor pendaftaran 01050120134740. Registri bukan bukti produk sudah launch/beredar; detail teknis perlu enrichment dari halaman produk.,,,,
144,Pestisida,ABOZON 250/90 EC,PT. ADVANSIA INDOTANI,,,,,,,,Pranatani/Kementan registry,Perlu enrichment,Nomor pendaftaran 01030120227273. Registri bukan bukti produk sudah launch/beredar; detail teknis perlu enrichment dari halaman produk.,,,,
145,Fungisida,ACEP 722 SL,PT Advansia Indotani,Propamokarb hidroklorida 722 g/L,SL,100 ml; 500 ml,N/A - bukan insektisida,28,N/A - bukan herbisida,Pythium; Rhizoctonia sp.; Phytophthora infestans; penyakit soil-borne,PT Advansia Indotani | MoA diperbarui 23-09-2026,Terisi / terklasifikasi,IRAC/FRAC diperbarui berdasarkan klasifikasi MoA; N/A berarti kelompok tersebut tidak relevan untuk kategori produk.,,,,
146,Pestisida,"ACETRIN 22,7/27,3 WP",PT. ADVANSIA INDOTANI,,,,,,,,Pranatani/Kementan registry,Perlu enrichment,Nomor pendaftaran 01010120238085. Registri bukan bukti produk sudah launch/beredar; detail teknis perlu enrichment dari halaman produk.,,,,
147,Herbisida,ACHLOR 4/36 WP,PT Advansia Indotani,Metil bensulfuron 4% + Pretilaklor 36%,WP,100–500 g,N/A - bukan insektisida,N/A - bukan fungisida,2 + 15,Teki; Rottboellia cochinchinensis; Eleusine indica; Ageratum conyzoides; Euphorbia hirta,PT Advansia Indotani | MoA diperbarui 23-09-2026,Terisi / terklasifikasi,IRAC/FRAC diperbarui berdasarkan klasifikasi MoA; N/A berarti kelompok tersebut tidak relevan untuk kategori produk.,,,,
148,Pestisida,ACUREN 25 WP,PT. ADVANSIA INDOTANI,,,,,,,,Pranatani/Kementan registry,Perlu enrichment,Nomor pendaftaran 01020120248227. Registri bukan bukti produk sudah launch/beredar; detail teknis perlu enrichment dari halaman produk.,,,,
149,Pestisida,ADAGUS 500 SC,PT. ADVANSIA INDOTANI,,,,,,,,Pranatani/Kementan registry,Perlu enrichment,Nomor pendaftaran 01010120248228. Registri bukan bukti produk sudah launch/beredar; detail teknis perlu enrichment dari halaman produk.,,,,
150,Pestisida,ADETHON 100/20 SC,PT. ADVANSIA INDOTANI,,,,,,,,Pranatani/Kementan registry,Perlu enrichment,Nomor pendaftaran 01010120269508. Registri bukan bukti produk sudah launch/beredar; detail teknis perlu enrichment dari halaman produk.,,,,
151,Pestisida,ADINI 50 WG,PT. ADVANSIA INDOTANI,,,,,,,,Pranatani/Kementan registry,Perlu enrichment,Nomor pendaftaran 01010120269509. Registri bukan bukti produk sudah launch/beredar; detail teknis perlu enrichment dari halaman produk.,,,,
152,Pestisida,ADOCA 150 SC,PT. ADVANSIA INDOTANI,,,,,,,,Pranatani/Kementan registry,Perlu enrichment,Nomor pendaftaran 01010120134651. Registri bukan bukti produk sudah launch/beredar; detail teknis perlu enrichment dari halaman produk.,,,,
153,Pestisida,AFILA 400/125 SE,PT. ADVANSIA INDOTANI,,,,,,,,Pranatani/Kementan registry,Perlu enrichment,Nomor pendaftaran 01020120196407. Registri bukan bukti produk sudah launch/beredar; detail teknis perlu enrichment dari halaman produk.,,,,
154,Pestisida,AFONIL 50 SC,PT. ADVANSIA INDOTANI,,,,,,,,Pranatani/Kementan registry,Perlu enrichment,Nomor pendaftaran 01010120124404. Registri bukan bukti produk sudah launch/beredar; detail teknis perlu enrichment dari halaman produk.,,,,
155,Pestisida,AGATA 45/235 OD,PT. ADVANSIA INDOTANI,,,,,,,,Pranatani/Kementan registry,Perlu enrichment,Nomor pendaftaran 01030120227276. Registri bukan bukti produk sudah launch/beredar; detail teknis perlu enrichment dari halaman produk.,,,,
156,Pestisida,AGUS 500 SC,PT. ADVANSIA INDOTANI,,,,,,,,Pranatani/Kementan registry,Perlu enrichment,Nomor pendaftaran 01010120113938. Registri bukan bukti produk sudah launch/beredar; detail teknis perlu enrichment dari halaman produk.,,,,
157,Pestisida,AHALO 108 EC,PT. ADVANSIA INDOTANI,,,,,,,,Pranatani/Kementan registry,Perlu enrichment,Nomor pendaftaran 01030120248565. Registri bukan bukti produk sudah launch/beredar; detail teknis perlu enrichment dari halaman produk.,,,,
158,Pestisida,AJIN 70 WP,PT. ADVANSIA INDOTANI,,,,,,,,Pranatani/Kementan registry,Perlu enrichment,Nomor pendaftaran 01010120155206. Registri bukan bukti produk sudah launch/beredar; detail teknis perlu enrichment dari halaman produk.,,,,
159,Pestisida,AKALIS 500/50 SC,PT. ADVANSIA INDOTANI,,,,,,,,Pranatani/Kementan registry,Perlu enrichment,Nomor pendaftaran 01030120144926. Registri bukan bukti produk sudah launch/beredar; detail teknis perlu enrichment dari halaman produk.,,,,
160,Herbisida,AKALIS 550 SC,PT Advansia Indotani,Atrazin 500 g/L + Mesotrion 50 g/L,SC,200–500 ml,N/A - bukan insektisida,N/A - bukan fungisida,5 + 27,Eleusine indica; Portulaca sp.; Commelina benghalensis; Galinsoga parviflora; Cleome rutidosperma; Borreria alata,PT Advansia Indotani | MoA diperbarui 23-09-2026,Terisi / terklasifikasi,IRAC/FRAC diperbarui berdasarkan klasifikasi MoA; N/A berarti kelompok tersebut tidak relevan untuk kategori produk.,,,,
161,Pestisida,AKESS 50 WG,PT. ADVANSIA INDOTANI,,,,,,,,Pranatani/Kementan registry,Perlu enrichment,Nomor pendaftaran 01010120217229. Registri bukan bukti produk sudah launch/beredar; detail teknis perlu enrichment dari halaman produk.,,,,
162,Pestisida,AKKOP 250 SC,PT. ADVANSIA INDOTANI,,,,,,,,Pranatani/Kementan registry,Perlu enrichment,Nomor pendaftaran 01060120186167. Registri bukan bukti produk sudah launch/beredar; detail teknis perlu enrichment dari halaman produk.,,,,
163,Pestisida,AKOSU 100 SC,PT. ADVANSIA INDOTANI,,,,,,,,Pranatani/Kementan registry,Perlu enrichment,Nomor pendaftaran 01010120103662. Registri bukan bukti produk sudah launch/beredar; detail teknis perlu enrichment dari halaman produk.,,,,
164,Fungisida,AKUZOLE 175/75 SC,PT Advansia Indotani,Prokloraz 175 g/L + Difenokonazol 75 g/L,SC,250–500 ml,N/A - bukan insektisida,3 + 3,N/A - bukan herbisida,Fusarium oxysporum (moler/inul/ngolar),PT Advansia Indotani | MoA diperbarui 23-09-2026,Terisi / terklasifikasi,IRAC/FRAC diperbarui berdasarkan klasifikasi MoA; N/A berarti kelompok tersebut tidak relevan untuk kategori produk.,,,,
165,Pestisida,ALANDA 50 EC,PT. ADVANSIA INDOTANI,,,,,,,,Pranatani/Kementan registry,Perlu enrichment,Nomor pendaftaran 01010120113940. Registri bukan bukti produk sudah launch/beredar; detail teknis perlu enrichment dari halaman produk.,,,,
166,Insektisida,ALCAN 175 SC,PT Advansia Indotani,Fenoksikarb 75 g/L + Diafentiuron 300 g/L,SC,100 ml; 250 ml,7B + 12A,N/A - bukan fungisida,N/A - bukan herbisida,Telur dan ulat Plutella xylostella,PT Advansia Indotani | MoA diperbarui 23-09-2026,Terisi / terklasifikasi,IRAC/FRAC diperbarui berdasarkan klasifikasi MoA; N/A berarti kelompok tersebut tidak relevan untuk kategori produk.,,,,
167,Pestisida,ALCAN 375 SC,PT. ADVANSIA INDOTANI,,,,,,,,Pranatani/Kementan registry,Perlu enrichment,Nomor pendaftaran 01010120186003. Registri bukan bukti produk sudah launch/beredar; detail teknis perlu enrichment dari halaman produk.,,,,
168,Pestisida,ALCHER 100 EC,PT. ADVANSIA INDOTANI,,,,,,,,Pranatani/Kementan registry,Perlu enrichment,Nomor pendaftaran 01030120124410. Registri bukan bukti produk sudah launch/beredar; detail teknis perlu enrichment dari halaman produk.,,,,
169,Pestisida,ALCHER GOLD 200 EC,PT. ADVANSIA INDOTANI,,,,,,,,Pranatani/Kementan registry,Perlu enrichment,Nomor pendaftaran 01030120175820. Registri bukan bukti produk sudah launch/beredar; detail teknis perlu enrichment dari halaman produk.,,,,
170,Pestisida,ALDES 50/10 WG,PT. ADVANSIA INDOTANI,,,,,,,,Pranatani/Kementan registry,Perlu enrichment,Nomor pendaftaran 01010120217232. Registri bukan bukti produk sudah launch/beredar; detail teknis perlu enrichment dari halaman produk.,,,,
171,Pestisida,ALDIM 240 EC,PT. ADVANSIA INDOTANI,,,,,,,,Pranatani/Kementan registry,Perlu enrichment,Nomor pendaftaran 01030120259157. Registri bukan bukti produk sudah launch/beredar; detail teknis perlu enrichment dari halaman produk.,,,,
172,Pestisida,ALDOZER 25/100 OD,PT. ADVANSIA INDOTANI,,,,,,,,Pranatani/Kementan registry,Perlu enrichment,Nomor pendaftaran 01030120227380. Registri bukan bukti produk sudah launch/beredar; detail teknis perlu enrichment dari halaman produk.,,,,
173,Insektisida,ALGET 75 WP,PT Advansia Indotani,Siromazin 75%,WP,25–100 g,17,N/A - bukan fungisida,N/A - bukan herbisida,Liriomyza chinensis / lalat pengorok daun,PT Advansia Indotani | MoA diperbarui 23-09-2026,Terisi / terklasifikasi,IRAC/FRAC diperbarui berdasarkan klasifikasi MoA; N/A berarti kelompok tersebut tidak relevan untuk kategori produk.,,,,
174,Pestisida,ALIPI 106/141 SC,PT. ADVANSIA INDOTANI,,,,,,,,Pranatani/Kementan registry,Perlu enrichment,Nomor pendaftaran 01010120155289. Registri bukan bukti produk sudah launch/beredar; detail teknis perlu enrichment dari halaman produk.,,,,
175,Pestisida,ALITA 150 EC,PT. ADVANSIA INDOTANI,,,,,,,,Pranatani/Kementan registry,Perlu enrichment,Nomor pendaftaran 01030120248451. Registri bukan bukti produk sudah launch/beredar; detail teknis perlu enrichment dari halaman produk.,,,,
176,Herbisida,"ALIZAR 32,5/5 WP",PT Advansia Indotani,"Kuinklorak 32,5% + Etil pirazosulfuron 5%",WP,Tidak ditemukan pada sumber yang diverifikasi,N/A - bukan insektisida,N/A - bukan fungisida,4 + 2,Ludwigia octovalvis; Monochoria vaginalis; Echinochloa crus-galli; Fimbristylis miliacea,PT Advansia Indotani | MoA diperbarui 23-09-2026,Terisi / terklasifikasi,IRAC/FRAC diperbarui berdasarkan klasifikasi MoA; N/A berarti kelompok tersebut tidak relevan untuk kategori produk.,,,,
177,Herbisida,ALNOX 300/20 EC,PT Advansia Indotani,Pretilaklor 300 g/L + Piribenzoksim 20 g/L,EC,250 ml,N/A - bukan insektisida,N/A - bukan fungisida,15 + 2,Teki; gulma daun sempit; gulma daun lebar,PT Advansia Indotani | MoA diperbarui 23-09-2026,Terisi / terklasifikasi,IRAC/FRAC diperbarui berdasarkan klasifikasi MoA; N/A berarti kelompok tersebut tidak relevan untuk kategori produk.,,,,
178,Herbisida,ALODI 15 WG,PT Advansia Indotani,Etoksisulfuron 15%,WG,6 g,N/A - bukan insektisida,N/A - bukan fungisida,2,Teki; Marsilea crenata; Monochoria vaginalis,PT Advansia Indotani | MoA diperbarui 23-09-2026,Terisi / terklasifikasi,IRAC/FRAC diperbarui berdasarkan klasifikasi MoA; N/A berarti kelompok tersebut tidak relevan untuk kategori produk.,,,,
179,Herbisida,ALOFIT 167/323 EC,PT Advansia Indotani,Propanil 167 g/L + Pretilaklor 323 g/L,EC,500 ml–1 L,N/A - bukan insektisida,N/A - bukan fungisida,15,Teki; Rottboellia cochinchinensis; Eleusine indica; Ageratum conyzoides; Euphorbia hirta,PT Advansia Indotani | MoA diperbarui 23-09-2026,Terisi / terklasifikasi,IRAC/FRAC diperbarui berdasarkan klasifikasi MoA; N/A berarti kelompok tersebut tidak relevan untuk kategori produk.,,,,
180,Pestisida,ALONIC 50 WG,PT. ADVANSIA INDOTANI,,,,,,,,Pranatani/Kementan registry,Perlu enrichment,Nomor pendaftaran 01010120248569. Registri bukan bukti produk sudah launch/beredar; detail teknis perlu enrichment dari halaman produk.,,,,
181,Pestisida,ALORAK 95/31 SC,PT. ADVANSIA INDOTANI,,,,,,,,Pranatani/Kementan registry,Perlu enrichment,Nomor pendaftaran 01010120259025. Registri bukan bukti produk sudah launch/beredar; detail teknis perlu enrichment dari halaman produk.,,,,
182,Biostimulant,AMG Mix,PT Advansia Indotani,"MgO 11,5%",-,250 ml,N/A - bukan insektisida,N/A - bukan fungisida,N/A - bukan herbisida,Stres nutrisi; fotosintesis; kesehatan daun,PT Advansia Indotani | MoA diperbarui 23-09-2026,Terisi / terklasifikasi,IRAC/FRAC diperbarui berdasarkan klasifikasi MoA; N/A berarti kelompok tersebut tidak relevan untuk kategori produk.,,,,
183,Pestisida,AMIKO 100 EC,PT. ADVANSIA INDOTANI,,,,,,,,Pranatani/Kementan registry,Perlu enrichment,Nomor pendaftaran 01010120238095. Registri bukan bukti produk sudah launch/beredar; detail teknis perlu enrichment dari halaman produk.,,,,
184,Biostimulant,Amira,PT Advansia Indotani,"MgO 3,62%; B 0,63%; ekstrak rumput laut Ascophyllum nodosum 13%",-,500 ml,N/A - bukan insektisida,N/A - bukan fungisida,N/A - bukan herbisida,Stres abiotik; pertumbuhan; flowering/fruit set,PT Advansia Indotani | MoA diperbarui 23-09-2026,Terisi / terklasifikasi,IRAC/FRAC diperbarui berdasarkan klasifikasi MoA; N/A berarti kelompok tersebut tidak relevan untuk kategori produk.,,,,
185,Pestisida,AMITES 110/110 SC,PT. ADVANSIA INDOTANI,,,,,,,,Pranatani/Kementan registry,Perlu enrichment,Nomor pendaftaran 01010120258899. Registri bukan bukti produk sudah launch/beredar; detail teknis perlu enrichment dari halaman produk.,,,,
186,Pestisida,AMODA 50 GR,PT. ADVANSIA INDOTANI,,,,,,,,Pranatani/Kementan registry,Perlu enrichment,Nomor pendaftaran 01020120248231. Registri bukan bukti produk sudah launch/beredar; detail teknis perlu enrichment dari halaman produk.,,,,
187,Pestisida,AMOLIN 150/150 EC,PT. ADVANSIA INDOTANI,,,,,,,,Pranatani/Kementan registry,Perlu enrichment,Nomor pendaftaran 01020120114021. Registri bukan bukti produk sudah launch/beredar; detail teknis perlu enrichment dari halaman produk.,,,,
188,Pestisida,AMOTAN 250 SC,PT. ADVANSIA INDOTANI,,,,,,,,Pranatani/Kementan registry,Perlu enrichment,Nomor pendaftaran 01020120124272. Registri bukan bukti produk sudah launch/beredar; detail teknis perlu enrichment dari halaman produk.,,,,
189,Pestisida,AMOTAN GOLD 200/125 SC,PT. ADVANSIA INDOTANI,,,,,,,,Pranatani/Kementan registry,Perlu enrichment,Nomor pendaftaran 01020120165416. Registri bukan bukti produk sudah launch/beredar; detail teknis perlu enrichment dari halaman produk.,,,,
190,Pestisida,AMURON 20/50 EC,PT. ADVANSIA INDOTANI,,,,,,,,Pranatani/Kementan registry,Perlu enrichment,Nomor pendaftaran 01010120186170. Registri bukan bukti produk sudah launch/beredar; detail teknis perlu enrichment dari halaman produk.,,,,
191,Herbisida,ANDALAN 400 SC,PT Advansia Indotani,Natrium bispiribak 400 g/L,SC,100–250 ml,N/A - bukan insektisida,N/A - bukan fungisida,2,Teki; Rottboellia cochinchinensis; Eleusine indica; Ageratum conyzoides; Euphorbia hirta,PT Advansia Indotani | MoA diperbarui 23-09-2026,Terisi / terklasifikasi,IRAC/FRAC diperbarui berdasarkan klasifikasi MoA; N/A berarti kelompok tersebut tidak relevan untuk kategori produk.,,,,
192,Pestisida,ANGGEDI 48/4 WP,PT. ADVANSIA INDOTANI,,,,,,,,Pranatani/Kementan registry,Perlu enrichment,Nomor pendaftaran 01030120258900. Registri bukan bukti produk sudah launch/beredar; detail teknis perlu enrichment dari halaman produk.,,,,
193,Pestisida,ANIBAT 40/10 WP,PT. ADVANSIA INDOTANI,,,,,,,,Pranatani/Kementan registry,Perlu enrichment,Nomor pendaftaran 01020120259160. Registri bukan bukti produk sudah launch/beredar; detail teknis perlu enrichment dari halaman produk.,,,,
194,Pestisida,ANIXAM 60/20 WG,PT. ADVANSIA INDOTANI,,,,,,,,Pranatani/Kementan registry,Perlu enrichment,Nomor pendaftaran 01010120227488. Registri bukan bukti produk sudah launch/beredar; detail teknis perlu enrichment dari halaman produk.,,,,
195,Pestisida,ANKRUSS 350 FS,PT. ADVANSIA INDOTANI,,,,,,,,Pranatani/Kementan registry,Perlu enrichment,Nomor pendaftaran 01010120165415. Registri bukan bukti produk sudah launch/beredar; detail teknis perlu enrichment dari halaman produk.,,,,
196,Pestisida,ANMI 100 SC,PT. ADVANSIA INDOTANI,,,,,,,,Pranatani/Kementan registry,Perlu enrichment,Nomor pendaftaran 01020120124340. Registri bukan bukti produk sudah launch/beredar; detail teknis perlu enrichment dari halaman produk.,,,,
197,Pestisida,ANOSAD 120 SC,PT. ADVANSIA INDOTANI,,,,,,,,Pranatani/Kementan registry,Perlu enrichment,Nomor pendaftaran 01010120134658. Registri bukan bukti produk sudah launch/beredar; detail teknis perlu enrichment dari halaman produk.,,,,
198,Pestisida,ANTAS 400/60 SL,PT. ADVANSIA INDOTANI,,,,,,,,Pranatani/Kementan registry,Perlu enrichment,Nomor pendaftaran 01030120196500. Registri bukan bukti produk sudah launch/beredar; detail teknis perlu enrichment dari halaman produk.,,,,
199,Pestisida,ANTIJI 500 EC,PT. ADVANSIA INDOTANI,,,,,,,,Pranatani/Kementan registry,Perlu enrichment,Nomor pendaftaran 01030120206710. Registri bukan bukti produk sudah launch/beredar; detail teknis perlu enrichment dari halaman produk.,,,,
200,Pestisida,"APISON 29/22,5 DG",PT. ADVANSIA INDOTANI,,,,,,,,Pranatani/Kementan registry,Perlu enrichment,Nomor pendaftaran 01020120144968. Registri bukan bukti produk sudah launch/beredar; detail teknis perlu enrichment dari halaman produk.,,,,
201,Pestisida,APLIO 130/240 SC,PT. ADVANSIA INDOTANI,,,,,,,,Pranatani/Kementan registry,Perlu enrichment,Nomor pendaftaran 01020120237962. Registri bukan bukti produk sudah launch/beredar; detail teknis perlu enrichment dari halaman produk.,,,,
202,Pestisida,APOTAP 40/3 WP,PT. ADVANSIA INDOTANI,,,,,,,,Pranatani/Kementan registry,Perlu enrichment,Nomor pendaftaran 01010120248356. Registri bukan bukti produk sudah launch/beredar; detail teknis perlu enrichment dari halaman produk.,,,,
203,Pestisida,APRISID 25 WP,PT. ADVANSIA INDOTANI,,,,,,,,Pranatani/Kementan registry,Perlu enrichment,Nomor pendaftaran 01010120124417. Registri bukan bukti produk sudah launch/beredar; detail teknis perlu enrichment dari halaman produk.,,,,
204,Herbisida,APURI 50 WP,PT Advansia Indotani,Kuinklorak 47% + Etil pirazosulfuron 3%,WP,50 g,N/A - bukan insektisida,N/A - bukan fungisida,4 + 2,Echinochloa sp.; Leptochloa sp.; Cyperus difformis; Marsilea crenata; Eichhornia crassipes,PT Advansia Indotani | MoA diperbarui 23-09-2026,Terisi / terklasifikasi,IRAC/FRAC diperbarui berdasarkan klasifikasi MoA; N/A berarti kelompok tersebut tidak relevan untuk kategori produk.,,,,
205,Pestisida,"ARATA 0,005 BB",PT. ADVANSIA INDOTANI,,,,,,,,Pranatani/Kementan registry,Perlu enrichment,Nomor pendaftaran 01120120124273. Registri bukan bukti produk sudah launch/beredar; detail teknis perlu enrichment dari halaman produk.,,,,
206,Herbisida,ARENDI 20/10 WP,PT Advansia Indotani,Natrium bispiribak 20% + Etil pirazosulfuron 10%,WP,25 g,N/A - bukan insektisida,N/A - bukan fungisida,2,Gulma teki; gulma rumput; gulma berdaun lebar,PT Advansia Indotani | MoA diperbarui 23-09-2026,Terisi / terklasifikasi,IRAC/FRAC diperbarui berdasarkan klasifikasi MoA; N/A berarti kelompok tersebut tidak relevan untuk kategori produk.,,,,
207,Pestisida,ARIKU 430 SC,PT. ADVANSIA INDOTANI,,,,,,,,Pranatani/Kementan registry,Perlu enrichment,Nomor pendaftaran 01020120124343. Registri bukan bukti produk sudah launch/beredar; detail teknis perlu enrichment dari halaman produk.,,,,
208,Pestisida,ARILA 55 EC,PT. ADVANSIA INDOTANI,,,,,,,,Pranatani/Kementan registry,Perlu enrichment,Nomor pendaftaran 01010120238099. Registri bukan bukti produk sudah launch/beredar; detail teknis perlu enrichment dari halaman produk.,,,,
209,Pestisida,ASAFEN 250 SL,PT. ADVANSIA INDOTANI,,,,,,,,Pranatani/Kementan registry,Perlu enrichment,Nomor pendaftaran 01030120259032. Registri bukan bukti produk sudah launch/beredar; detail teknis perlu enrichment dari halaman produk.,,,,
210,Pestisida,ASLINYA 75 WP,PT. ADVANSIA INDOTANI,,,,,,,,Pranatani/Kementan registry,Perlu enrichment,Nomor pendaftaran 01020120144887. Registri bukan bukti produk sudah launch/beredar; detail teknis perlu enrichment dari halaman produk.,,,,
211,Pestisida,"ASYIK 37,5/25 WG",PT. ADVANSIA INDOTANI,,,,,,,,Pranatani/Kementan registry,Perlu enrichment,Nomor pendaftaran 01020120238100. Registri bukan bukti produk sudah launch/beredar; detail teknis perlu enrichment dari halaman produk.,,,,
212,Pestisida,ATAMIT 20/25 WP,PT. ADVANSIA INDOTANI,,,,,,,,Pranatani/Kementan registry,Perlu enrichment,Nomor pendaftaran 01010120248358. Registri bukan bukti produk sudah launch/beredar; detail teknis perlu enrichment dari halaman produk.,,,,
213,Pestisida,ATHOS 240 SC,PT. ADVANSIA INDOTANI,,,,,,,,Pranatani/Kementan registry,Perlu enrichment,Nomor pendaftaran 01010120155211. Registri bukan bukti produk sudah launch/beredar; detail teknis perlu enrichment dari halaman produk.,,,,
214,Pestisida,ATICO 25/50 WG,PT. ADVANSIA INDOTANI,,,,,,,,Pranatani/Kementan registry,Perlu enrichment,Nomor pendaftaran 01020120258739. Registri bukan bukti produk sudah launch/beredar; detail teknis perlu enrichment dari halaman produk.,,,,
215,Pestisida,ATNIMES 200/20/40 OD,PT. ADVANSIA INDOTANI,,,,,,,,Pranatani/Kementan registry,Perlu enrichment,Nomor pendaftaran 01030120227383. Registri bukan bukti produk sudah launch/beredar; detail teknis perlu enrichment dari halaman produk.,,,,
216,Pestisida,ATOPRAZIN 10/240 OD,PT. ADVANSIA INDOTANI,,,,,,,,Pranatani/Kementan registry,Perlu enrichment,Nomor pendaftaran 01030120248233. Registri bukan bukti produk sudah launch/beredar; detail teknis perlu enrichment dari halaman produk.,,,,
217,Pestisida,ATOZA 110 SC,PT. ADVANSIA INDOTANI,,,,,,,,Pranatani/Kementan registry,Perlu enrichment,Nomor pendaftaran 01140120237845. Registri bukan bukti produk sudah launch/beredar; detail teknis perlu enrichment dari halaman produk.,,,,
218,Pestisida,AVICE 50/200 EC,PT. ADVANSIA INDOTANI,,,,,,,,Pranatani/Kementan registry,Perlu enrichment,Nomor pendaftaran 01030120206810. Registri bukan bukti produk sudah launch/beredar; detail teknis perlu enrichment dari halaman produk.,,,,
219,Pestisida,AVONIK 150/150 OD,PT. ADVANSIA INDOTANI,,,,,,,,Pranatani/Kementan registry,Perlu enrichment,Nomor pendaftaran 01010120258740. Registri bukan bukti produk sudah launch/beredar; detail teknis perlu enrichment dari halaman produk.,,,,
220,Pestisida,AXIMIL 480 SL,PT. ADVANSIA INDOTANI,,,,,,,,Pranatani/Kementan registry,Perlu enrichment,Nomor pendaftaran 01020120227493. Registri bukan bukti produk sudah launch/beredar; detail teknis perlu enrichment dari halaman produk.,,,,
221,Biostimulant,Axtra Roots,PT Advansia Indotani,Total humic extract 15%; Humic acids 12%; Fulvic acids 3%,-,500 ml–1 L,N/A - bukan insektisida,N/A - bukan fungisida,N/A - bukan herbisida,Stres tanah; perkembangan akar; efisiensi penyerapan nutrisi,PT Advansia Indotani | MoA diperbarui 23-09-2026,Terisi / terklasifikasi,IRAC/FRAC diperbarui berdasarkan klasifikasi MoA; N/A berarti kelompok tersebut tidak relevan untuk kategori produk.,,,,
222,Pestisida,AYUNA 50 EC,PT. ADVANSIA INDOTANI,,,,,,,,Pranatani/Kementan registry,Perlu enrichment,Nomor pendaftaran 01010120103607. Registri bukan bukti produk sudah launch/beredar; detail teknis perlu enrichment dari halaman produk.,,,,
223,Insektisida,AZATIN 500 SC,PT Advansia Indotani,Buprofezin 500 g/L,SC,100 ml; 250 ml,16,N/A - bukan fungisida,N/A - bukan herbisida,Telur wereng,PT Advansia Indotani | MoA diperbarui 23-09-2026,Terisi / terklasifikasi,IRAC/FRAC diperbarui berdasarkan klasifikasi MoA; N/A berarti kelompok tersebut tidak relevan untuk kategori produk.,,,,
224,Pestisida,AZIZIAH 300/10 SC,PT. ADVANSIA INDOTANI,,,,,,,,Pranatani/Kementan registry,Perlu enrichment,Nomor pendaftaran 01030120217116. Registri bukan bukti produk sudah launch/beredar; detail teknis perlu enrichment dari halaman produk.,,,,
225,Fungisida,AZOF 100 SC,PT Advansia Indotani,Siazofamid 100 g/L,SC,100–250 ml,N/A - bukan insektisida,21,N/A - bukan herbisida,Busuk batang; Phytophthora infestans; layu Fusarium; Plasmodiophora brassicae,PT Advansia Indotani | MoA diperbarui 23-09-2026,Terisi / terklasifikasi,IRAC/FRAC diperbarui berdasarkan klasifikasi MoA; N/A berarti kelompok tersebut tidak relevan untuk kategori produk.,,,,
226,Pestisida,AZZA 250/250 SC,PT. ADVANSIA INDOTANI,,,,,,,,Pranatani/Kementan registry,Perlu enrichment,Nomor pendaftaran 01020120186172. Registri bukan bukti produk sudah launch/beredar; detail teknis perlu enrichment dari halaman produk.,,,,
227,Fungisida,AZZA 500 SC,PT Advansia Indotani,Karbendazim 250 g/L + Klorotalonil 250 g/L,SC,250–500 ml,N/A - bukan insektisida,1 + M05,N/A - bukan herbisida,Phytophthora infestans; antraknosa,PT Advansia Indotani | MoA diperbarui 23-09-2026,Terisi / terklasifikasi,IRAC/FRAC diperbarui berdasarkan klasifikasi MoA; N/A berarti kelompok tersebut tidak relevan untuk kategori produk.,,,,
228,Fungisida,SUMI BOXAM 100 SC,PT Advansia Indotani,Etaboksam 100 g/L,SC,100–200 ml,N/A - bukan insektisida,22,N/A - bukan herbisida,Phytophthora infestans; embun bulu,PT Advansia Indotani | MoA diperbarui 23-09-2026,Terisi / terklasifikasi,IRAC/FRAC diperbarui berdasarkan klasifikasi MoA; N/A berarti kelompok tersebut tidak relevan untuk kategori produk.,,,,
229,Pestisida,SUMIBOXAM 100 SC,PT. ADVANSIA INDOTANI,,,,,,,,Pranatani/Kementan registry,Perlu enrichment,Nomor pendaftaran 01020120186224. Registri bukan bukti produk sudah launch/beredar; detail teknis perlu enrichment dari halaman produk.,,,,
230,Pestisida,SYMPHONY 100 EC,PT. ADVANSIA INDOTANI,,,,,,,,Pranatani/Kementan registry,Perlu enrichment,Nomor pendaftaran 01010120175928. Registri bukan bukti produk sudah launch/beredar; detail teknis perlu enrichment dari halaman produk.,,,,
231,Pestisida,VALOR 50 WG,PT. ADVANSIA INDOTANI,,,,,,,,Pranatani/Kementan registry,Perlu enrichment,Nomor pendaftaran 01030120238076. Registri bukan bukti produk sudah launch/beredar; detail teknis perlu enrichment dari halaman produk.,,,,
232,Pestisida,Xentari WG,PT. ADVANSIA INDOTANI,,,,,,,,Pranatani/Kementan registry,Perlu enrichment,Nomor pendaftaran 01010120186235. Registri bukan bukti produk sudah launch/beredar; detail teknis perlu enrichment dari halaman produk.,,,,
233,Herbisida,Aladin 865 SL,PT Agricon,"2,4-D dimethylamine 865 g/L",SL,,,,4,,Gulma daun lebar dan teki,Agricon – halaman produk resmi/SK pendaftaran,Terverifikasi,,,,
234,Fungisida,Bazoka 80 WP,PT Agricon,mancozeb 80%,WP,,,M03,,"Busuk/bercak pada bawang, kentang, cabai, kakao",Agricon – halaman produk resmi,Terverifikasi,,,,,
235,Fungisida,Benefit 75 WP,PT Agricon,,WP,,,,,Penyakit tanaman,Agricon – katalog resmi,Perlu verifikasi,Bahan aktif perlu konfirmasi,,,,
236,Herbisida,Breeze 270/120 SL,PT Agricon,"glyphosate isopropylamine 270 g/L + 2,4-D isopropylamine 120 g/L",SL,,,,9+4,,Gulma umum karet,Agricon – halaman produk resmi,Terverifikasi sebagian,,,,
237,Insektisida,Brofreya 53 SC,PT Agricon,broflanilide,,SC,,30,,Ulat/trips,Agricon – katalog resmi,Terverifikasi sebagian,Kadar perlu verifikasi label,,,,
238,Fungisida,Captive 200 SC,PT Agricon,dimethomorph 200 g/L,SC,,,40,,"Bulai jagung, Phytophthora infestans",Agricon – halaman produk resmi,Terverifikasi,,,,,
239,Lainnya,Cluster,PT Agricon,,SL,,,,,Perata dan perekat pestisida,Agricon – katalog resmi,Terverifikasi sebagian,Komposisi perlu verifikasi,,,,
240,Herbisida,Crash 480 SL,PT Agricon,glyphosate IPA 480 g/L,SL,,,,9,,Gulma umum/persiapan lahan,Agricon – halaman produk resmi,Terverifikasi sebagian,,,,
241,Herbisida,Etron 670 EC,PT Agricon,triclopyr butoxyethyl ester 670 g/L,EC,,,,4,,Gulma umum pada kelapa sawit,Agricon – halaman produk resmi,Terverifikasi sebagian,,,,
242,Lainnya,Generate,PT Agricon,,,250 ml,,,,Aktivitas mikroba tanah/nutrisi,Agricon – halaman produk resmi,Perlu verifikasi,Komposisi belum ditemukan,,,,
243,Fungisida,Inari 72.5 WP,PT Agricon,thiophanate-methyl 35% + tricyclazole 37.5%,WP,,,1+16.1,,Blast padi,Agricon – halaman produk resmi,Terverifikasi,,,,,
244,Insektisida,Mospilan 30 EC,PT Agricon,acetamiprid,,EC,,4A,,Serangga pengisap,Agricon – katalog resmi,Terverifikasi sebagian,Kadar perlu verifikasi label,,,,
245,Insektisida,Nissozin 20 SP,PT Agricon,,SP,,,,,Serangga pengisap,Agricon – katalog resmi,Perlu verifikasi,Bahan aktif perlu konfirmasi,,,,
246,Insektisida,Sevin 85 SP,PT Agricon,carbaryl 85%,SP,,1A,,,Serangga pengunyah,Agricon – katalog resmi,Terverifikasi sebagian,,,,,
247,Lainnya,Snaildown 250 EC,PT Agricon,niclosamide 250 g/L,EC,,,,,Siput murbei,Agricon – halaman produk resmi,Terverifikasi sebagian,MoA tidak dimasukkan bila belum dipetakan,,,,
248,Insektisida,Tenchu 20 SG,PT Agricon,,SG,,,,,Hama tanaman,Agricon – katalog resmi,Perlu verifikasi,Bahan aktif perlu konfirmasi,,,,
249,Fungisida,Throne 250 EC,PT Agricon,propiconazole 250 g/L,EC,,,3,,"Karat, bercak daun, hawar pelepah, bercak ungu",Agricon – halaman produk resmi,Terverifikasi,,,,,
250,Insektisida,Ultimax 500/50 EC,PT Agricon,,EC,,,,,Hama tanaman,Agricon – katalog resmi,Perlu verifikasi,Bahan aktif perlu konfirmasi,,,,
251,Herbisida,Win 10 WP,PT Agricon,metsulfuron-methyl 10%,WP,,,,2,,Gulma daun lebar dan teki,Agricon – halaman produk resmi,Terverifikasi sebagian,,,,
252,Herbisida,Win 20 WG,PT Agricon,metsulfuron-methyl 20%,WG,,,,2,,Gulma daun lebar dan teki,Agricon – halaman produk resmi,Terverifikasi sebagian,,,,
253,Herbisida,Adengo 315 SC,PT Bayer Indonesia,Isoksaflutol 225 g/L; Thiencarbazone-methyl 90 g/L,SC,50 ml; 100 ml,N/A - bukan insektisida,N/A - bukan fungisida,27,gulma rumput; gulma daun lebar,Master sebelumnya (PDF yang diunggah) | MoA diperbarui 23-09-2026,Terisi / terklasifikasi,IRAC/FRAC diperbarui berdasarkan klasifikasi MoA; N/A berarti kelompok tersebut tidak relevan untuk kategori produk.,,,,
254,Adjuvan,Agridex 715 EC,PT Bayer Indonesia,Minyak Parafinik 715 g/L,EC,1 L,,,,Adjuvan (Penetrant and Spreader),PT Bayer Indonesia – portfolio resmi,,Alias nama dagang yang sering ditulis: Agridex.,,,Sudah Beredar,
255,Pestisida (registri; tipe belum dipetakan),ALIETTE 80 WP,PT Bayer Indonesia,fosetil aluminium 80%,WP,,,,,,Pranatani / registri Kementan — PT Bayer Indonesia,Belum dipetakan,Entri registri tambahan; komposisi/MoA belum diisi agar tidak menebak. Gramasi bahan aktif dilengkapi dari halaman produk resmi/registri yang terverifikasi.,032014344,Terdaftar pada registri sumber (termasuk kemungkinan registrasi lama),Belum diverifikasi apakah sudah launch/beredar di pasar,https://pranatani.com/badan/pt-bayer-indonesia/
256,Fungisida,Antracol 70 WP,PT Bayer Indonesia,Propineb 70%,WP,250 g; 500 g; 1 kg,,M03,,"Antraknosa, bercak daun, bercak ungu",PT Bayer Indonesia – portfolio resmi,Terverifikasi,Kadar/formulasi/kemasan perlu verifikasi label,010201197474,,Beredar Di Pasar,
257,Pestisida (registri; tipe belum dipetakan),ANTRACOL SMART 70 WG,PT Bayer Indonesia,propineb 70%,WG,,,,,,Pranatani / registri Kementan — PT Bayer Indonesia,Belum dipetakan,Entri registri tambahan; komposisi/MoA belum diisi agar tidak menebak. Gramasi bahan aktif dilengkapi dari halaman produk resmi/registri yang terverifikasi.,01020120258901,Terdaftar pada registri sumber (termasuk kemungkinan registrasi lama),Belum diverifikasi apakah sudah launch/beredar di pasar,https://pranatani.com/badan/pt-bayer-indonesia/
258,Insektisida,BAYCARB 500 EC,PT Bayer Indonesia,Fenobucarb 485 g/L,EC,100 ml; 500 ml,1A,,,"Wereng, walang sangit, penggerek batang, dan kutu-kutuan",Pranatani / registri Kementan — PT Bayer Indonesia,Terverifikasi,Terverifikasi,0101011978324,Terdaftar pada registri sumber (termasuk kemungkinan registrasi lama),Beredar Di Pasar,https://pranatani.com/badan/pt-bayer-indonesia/
259,Moluskisida,BAYLUSCIDE 250 EC,PT Bayer Indonesia,niclosamide 250 g/L,EC,,,,,,Pranatani / registri Kementan — PT Bayer Indonesia,Belum dipetakan,Entri registri tambahan; komposisi/MoA belum diisi agar tidak menebak.,032013333,Terdaftar pada registri sumber (termasuk kemungkinan registrasi lama),Belum diverifikasi apakah sudah launch/beredar di pasar,https://pranatani.com/badan/pt-bayer-indonesia/
260,Herbisida,Becano 500 SC,PT Bayer Indonesia,Indaziflam 500 g/L,SC,250 ml; 500 ml; 1 L,N/A - bukan insektisida,N/A - bukan fungisida,29,gulma rumput; gulma daun lebar,Master sebelumnya (PDF yang diunggah) | MoA diperbarui 23-09-2026,Terisi / terklasifikasi,IRAC/FRAC diperbarui berdasarkan klasifikasi MoA; N/A berarti kelompok tersebut tidak relevan untuk kategori produk.,,,,
261,Pestisida (registri; tipe belum dipetakan),BECANO PLUS 20/540 SC,PT Bayer Indonesia,ISOPROPIL AMINA GLIFOSAT 540 g/L ; Indaziflam 20 g/L,SC,,,,29,gulma daun lebar; gulma rumput; teki,Pranatani / registri Kementan — PT Bayer Indonesia,Terverifikasi sebagian,Terverifikasi sebagian,01030120248457,Terdaftar pada registri sumber (termasuk kemungkinan registrasi lama),Belum diverifikasi apakah sudah launch/beredar di pasar,https://pranatani.com/badan/pt-bayer-indonesia/
262,Insektisida,Belt Expert 480 SC,PT Bayer Indonesia,flubendiamida 240 g/L ; tiakloprid 240 g/L,SC,50 ml; 100 ml; 250 ml,28+4A,,,"Penggerek batang, penggulung daun, belalang, lalat bibit, Spodoptera frugiperda",PT Bayer Indonesia – halaman produk resmi,Terverifikasi,,,,,
263,Insektisida,Buldok 25 EC,PT Bayer Indonesia,Beta siflutrin 25 g/L,EC,100 ml; 250 ml; 500 ml,3A,N/A - bukan fungisida,N/A - bukan herbisida,Hama serangga sesuai label produk,Master sebelumnya (PDF yang diunggah) | MoA diperbarui 23-09-2026,Terisi / terklasifikasi,IRAC/FRAC diperbarui berdasarkan klasifikasi MoA; N/A berarti kelompok tersebut tidak relevan untuk kategori produk.,101011990933,,,
264,Pestisida (registri; tipe belum dipetakan),CALYPSO 480 SC,PT Bayer Indonesia,tiakloprid 480 g/L,SC,,,,,,Pranatani / registri Kementan — PT Bayer Indonesia,Belum dipetakan,Entri registri tambahan; komposisi/MoA belum diisi agar tidak menebak. Gramasi bahan aktif dilengkapi dari halaman produk resmi/registri yang terverifikasi.,01010120206821,Terdaftar pada registri sumber (termasuk kemungkinan registrasi lama),Belum diverifikasi apakah sudah launch/beredar di pasar,https://pranatani.com/badan/pt-bayer-indonesia/
265,Insektisida,Camalus 360 SC,PT Bayer Indonesia,tetraniliprol 120 g/L; spirotetramat 240 g/L,SC,,28+23,,,Ulat dan hama pengisap pada tanaman terdaftar,Registri Indonesia + materi PT Bayer Indonesia,Terverifikasi sebagian,Produk Indonesia teridentifikasi; detail label/kemasan perlu disinkronkan,,,,
266,Herbisida,CAPRENO 547 SC,PT Bayer Indonesia,Isoxadifen-ethyl - safener 134 g/l ; Tembotrione 345 g/l; Thiencarbazone-methyl 68 g/l,SC,,,,,Gulma daun lebar; gulma daun sempit; teki,Pranatani / registri Kementan — PT Bayer Indonesia,Belum dipetakan,Entri registri tambahan; komposisi/MoA belum diisi agar tidak menebak.,01030120217122,Terdaftar pada registri sumber (termasuk kemungkinan registrasi lama),Belum diverifikasi apakah sudah launch/beredar di pasar,https://pranatani.com/badan/pt-bayer-indonesia/
267,Insektisida,CONFIDOR 200 SL,PT Bayer Indonesia,Imidakloprid 200 g/L,SL,60 ml,4A,,,Kutu-kutuan/serangga pengisap,PT Bayer Indonesia – portfolio resmi,Terverifikasi,Terverifikasi,01010119921007,Terdaftar pada registri sumber (termasuk kemungkinan registrasi lama),Beredar Di Pasar,https://pranatani.com/badan/pt-bayer-indonesia/
268,Insektisida,CONFIDOR EXTRA 350 SC,PT Bayer Indonesia,Imidakloprid 350 g/L,SC,50 ml; 100 ml,4A,,,Kutu-kutuan/serangga pengisap,PT Bayer Indonesia – portfolio resmi,Terverifikasi,Terverifikasi,01010120144974,Terdaftar pada registri sumber (termasuk kemungkinan registrasi lama),Beredar Di Pasar,https://pranatani.com/badan/pt-bayer-indonesia/
269,Herbisida,Council Complete 300 SC,PT Bayer Indonesia,Triafamone 100 g/L; Tefuryltrione 200 g/L,SC,50 ml; 100 ml,N/A - bukan insektisida,N/A - bukan fungisida,Perlu verifikasi,Gulma sesuai label produk,Master sebelumnya (PDF yang diunggah) | MoA diperbarui 23-09-2026,Perlu verifikasi,IRAC/FRAC diperbarui berdasarkan klasifikasi MoA; N/A berarti kelompok tersebut tidak relevan untuk kategori produk.,,,,
270,Insektisida,Decis 25 EC,PT Bayer Indonesia,Deltametrin 25 g/L,EC,50 ml; 100 ml; 250 ml; 500 ml; 5 L,3A,N/A - bukan fungisida,N/A - bukan herbisida,ulat; thrips; kutu; kumbang,Master sebelumnya (PDF yang diunggah) | MoA diperbarui 23-09-2026,Terisi / terklasifikasi,IRAC/FRAC diperbarui berdasarkan klasifikasi MoA; N/A berarti kelompok tersebut tidak relevan untuk kategori produk.,0101011979387,,,
271,Pestisida (registri; tipe belum dipetakan),ESPLANADE 22 WG,PT Bayer Indonesia,indaziflam 20% + iodosulfuron-methyl-sodium 2%,WG,,,,,,Pranatani / registri Kementan — PT Bayer Indonesia,Belum dipetakan,Entri registri tambahan; komposisi/MoA belum diisi agar tidak menebak. Gramasi bahan aktif dilengkapi dari halaman produk resmi/registri yang terverifikasi.,01030120134569,Terdaftar pada registri sumber (termasuk kemungkinan registrasi lama),Belum diverifikasi apakah sudah launch/beredar di pasar,https://pranatani.com/badan/pt-bayer-indonesia/
272,Zat Aktivator Tanaman,Ethrel 10 PA,PT Bayer Indonesia,ethephon,PA,,,,,Pengatur pertumbuhan,PT Bayer Indonesia – portfolio resmi,Terverifikasi sebagian,Kadar/kemasan perlu verifikasi label,,,,
273,Zat Aktivator Tanaman,Ethrel 480 SL,PT Bayer Indonesia,ethephon 480 g/L,SL,,,,,Pengatur pertumbuhan,PT Bayer Indonesia – portfolio resmi,Terverifikasi sebagian,Kemasan perlu verifikasi label,,,,
274,Pestisida (registri; tipe belum dipetakan),FLINT PRO 61.3/ 3.5 WG,PT Bayer Indonesia,"propineb 61,3% + trifloksistrobin 3,5%",WG,,,,,,Pranatani / registri Kementan — PT Bayer Indonesia,Belum dipetakan,Entri registri tambahan; komposisi/MoA belum diisi agar tidak menebak. Gramasi bahan aktif dilengkapi dari halaman produk resmi/registri yang terverifikasi.,01020120206832,Terdaftar pada registri sumber (termasuk kemungkinan registrasi lama),Belum diverifikasi apakah sudah launch/beredar di pasar,https://pranatani.com/badan/pt-bayer-indonesia/
275,Fungisida,Folicur 25 WP,PT Bayer Indonesia,tebukonazol 25%,WP,50 g; 250 g,,3,,"Bercak daun, antraknosa dan penyakit jamur lain",PT Bayer Indonesia – portfolio resmi,Terverifikasi,`,01020119931121,Terdaftar pada registri sumber (termasuk kemungkinan registrasi lama),Beredar Di Pasar,https://pranatani.com/badan/pt-bayer-indonesia/
276,Fungisida,Folicur Gold 430 SC,PT Bayer Indonesia,tebukonazol 430 g/L,SC,60 ml; 100 ml; 240 ml,,3,,Penyakit jamur pada berbagai tanaman,PT Bayer Indonesia – portfolio resmi,Terverifikasi,Kadar dan kemasan terverifikasi,01020120083267,Terdaftar pada registri sumber (termasuk kemungkinan registrasi lama),Beredar Di Pasar,https://pranatani.com/badan/pt-bayer-indonesia/
277,Pestisida (registri; tipe belum dipetakan),FOLITEC 25 EC,PT Bayer Indonesia,beta siflutrin 25 g/L,EC,,,,,,Pranatani / registri Kementan — PT Bayer Indonesia,Belum dipetakan,Entri registri tambahan; komposisi/MoA belum diisi agar tidak menebak. Gramasi bahan aktif dilengkapi dari halaman produk resmi/registri yang terverifikasi.,032012295,Terdaftar pada registri sumber (termasuk kemungkinan registrasi lama),Belum diverifikasi apakah sudah launch/beredar di pasar,https://pranatani.com/badan/pt-bayer-indonesia/
278,Perlakuan Benih,GAUCHO 350 FS,PT Bayer Indonesia,Imidakloprid 350 g/L,FS,20 ml; 50 ml,4A,,,Hama awal tanaman/seed treatment,PT Bayer Indonesia – portfolio resmi,Terverifikasi,Kadar/formulasi/kemasan terverifikasi pada label,01010120001536,Terdaftar pada registri sumber (termasuk kemungkinan registrasi lama),Beredar Di Pasar,https://pranatani.com/badan/pt-bayer-indonesia/
279,Perlakuan Benih,IMMUNE START 200 / 80 FS,PT Bayer Indonesia,Isotianil 200 g/l; Trifloxystrobin 80 g/l,FS,50 ml,,PO3; C3,,Perlakuan benih,PT Bayer Indonesia – portfolio resmi,Terverifikasi,Terverifikasi,01020120196544,Terdaftar pada registri sumber (termasuk kemungkinan registrasi lama),Beredar Di Pasar,https://pranatani.com/badan/pt-bayer-indonesia/
280,Pestisida (registri; tipe belum dipetakan),LAUDIS 20 WG,PT Bayer Indonesia,tembotrion 20%,WG,,,,,,Pranatani / registri Kementan — PT Bayer Indonesia,Belum dipetakan,Entri registri tambahan; komposisi/MoA belum diisi agar tidak menebak. Gramasi bahan aktif dilengkapi dari halaman produk resmi/registri yang terverifikasi.,01030120217149,Terdaftar pada registri sumber (termasuk kemungkinan registrasi lama),Belum diverifikasi apakah sudah launch/beredar di pasar,https://pranatani.com/badan/pt-bayer-indonesia/
281,Pestisida (registri; tipe belum dipetakan),LESENTA 80 WG,PT Bayer Indonesia,imidakloprid 40% + fipronil 40%,WG,,,,,,Pranatani / registri Kementan — PT Bayer Indonesia,Belum dipetakan,Entri registri tambahan; komposisi/MoA belum diisi agar tidak menebak. Gramasi bahan aktif dilengkapi dari halaman produk resmi/registri yang terverifikasi.,01010120175848,Terdaftar pada registri sumber (termasuk kemungkinan registrasi lama),Belum diverifikasi apakah sudah launch/beredar di pasar,https://pranatani.com/badan/pt-bayer-indonesia/
282,Fungisida,LUNA SMART 250/250 SC,PT Bayer Indonesia,fluopyram 250 g/L; Trifloksistrobin 250 g/L,SC,50 ml; 100 ml,,C3; G1,,Bercak ungu Alternaria porri,PT Bayer Indonesia – halaman produk resmi,Terverifikasi,Terverifikasi,01020120196455,Terdaftar pada registri sumber (termasuk kemungkinan registrasi lama),Beredar Di Pasar,https://pranatani.com/badan/pt-bayer-indonesia/
283,Insektisida,Movento Energy 240 SC,PT Bayer Indonesia,Imidakloprid 120 g/L; Spirotetramat 120 g/L,SC,50 ml; 100 ml,4A + 23,N/A - bukan fungisida,N/A - bukan herbisida,kutu daun; kutu kebul; trips; wereng,PT Bayer Indonesia – portfolio resmi,Terisi / terklasifikasi,IRAC/FRAC diperbarui berdasarkan klasifikasi MoA; N/A berarti kelompok tersebut tidak relevan untuk kategori produk.,01010120113981,Terdaftar pada registri sumber (termasuk kemungkinan registrasi lama),Beredar Di Pasar,https://pranatani.com/badan/pt-bayer-indonesia/
284,Fungisida,NATIVO 100/200 SC,PT Bayer Indonesia,Tebukonazol 200 g/L Trifloksistrobin 100 g/L,SC,,,,,"Blas, hawar pelepah, busuk batang, antraknosa, hawar daun",Pranatani / registri Kementan — PT Bayer Indonesia,Belum dipetakan,Entri registri tambahan; komposisi/MoA belum diisi agar tidak menebak.,01020120258971,Terdaftar pada registri sumber (termasuk kemungkinan registrasi lama),Belum diverifikasi apakah sudah launch/beredar di pasar,https://pranatani.com/badan/pt-bayer-indonesia/
285,Fungisida,NATIVO 25/50 WG,PT Bayer Indonesia,tebukonazol 50%; trifloksistrobin 25%,WG,"12,5 g; 50 g",N/A - bukan insektisida,C3; G1,N/A - bukan herbisida,"Antraknosa, bercak daun, karat, embun tepung",PT Bayer Indonesia – portfolio resmi,Terverifikasi sebagian,Kadar/formulasi/kemasan perlu verifikasi label Indonesia,01020120072781,Terdaftar pada registri sumber (termasuk kemungkinan registrasi lama),Belum diverifikasi apakah sudah launch/beredar di pasar,https://pranatani.com/badan/pt-bayer-indonesia/
286,Fungisida,NATIVO EXTRA 120/100 SC,PT Bayer Indonesia,Trifloksistrobin 100 g/L isotianil 120 g/L,SC,,,,,,Pranatani / registri Kementan — PT Bayer Indonesia,Belum dipetakan,Entri registri tambahan; komposisi/MoA belum diisi agar tidak menebak.,032026642,Terdaftar pada registri sumber (termasuk kemungkinan registrasi lama),Belum diverifikasi apakah sudah launch/beredar di pasar,https://pranatani.com/badan/pt-bayer-indonesia/
287,Insektisida,OBERON SPEED 11.4 / 228.6 SC,PT Bayer Indonesia,"Spiromesifen 228,6 g/L; Abamektin 11,4 g/L",SC,50 ml; 100 ml,23+6,,,Serangga pengisap/tungau,PT Bayer Indonesia – halaman produk resmi,Terverifikasi,Terverifikasi,01140120237915,Terdaftar pada registri sumber (termasuk kemungkinan registrasi lama),Beredar Di Pasar,https://pranatani.com/badan/pt-bayer-indonesia/
288,Fungisida,PREVICUR N 722 SL,PT Bayer Indonesia,propamokarb 722 g/L,SL,100 ml; 500 ml,N/A - bukan insektisida,,N/A - bukan herbisida,Pythium; Rhizoctonia sp.; Phytophthora infestans; penyakit soil-borne,Pranatani / registri Kementan — PT Bayer Indonesia,Terisi / terklasifikasi,IRAC/FRAC diperbarui berdasarkan klasifikasi MoA; N/A berarti kelompok tersebut tidak relevan untuk kategori produk.,0102011982612,Terdaftar pada registri sumber (termasuk kemungkinan registrasi lama),Belum diverifikasi apakah sudah launch/beredar di pasar,https://pranatani.com/badan/pt-bayer-indonesia/
289,Perlakuan Benih,REATIS 480 FS,PT Bayer Indonesia,Tetraniliprol 480 g/L,FS,50 ml,28,,,Perlakuan benih,Pranatani / registri Kementan — PT Bayer Indonesia,Belum dipetakan,Entri registri tambahan; komposisi/MoA belum diisi agar tidak menebak.,01010120196569,Terdaftar pada registri sumber (termasuk kemungkinan registrasi lama),Belum diverifikasi apakah sudah launch/beredar di pasar,https://pranatani.com/badan/pt-bayer-indonesia/
290,Herbisida,Ricestar 69 EC,PT Bayer Indonesia,Fenoksaprop-P-etil 69 g/L,EC,100 ml; 250 ml,N/A - bukan insektisida,N/A - bukan fungisida,1,gulma rumput,Master sebelumnya (PDF yang diunggah) | MoA diperbarui 23-09-2026,Terisi / terklasifikasi,IRAC/FRAC diperbarui berdasarkan klasifikasi MoA; N/A berarti kelompok tersebut tidak relevan untuk kategori produk.,,,,
291,Herbisida,RICESTAR XTRA 20/69 OD,PT Bayer Indonesia,Fenoksaprop-p-etil 69 g/l; Etoksisulfuron 20 g/l.,OD,100 ml; 250 ml,N/A - bukan insektisida,N/A - bukan fungisida,1,"Gulma rumput, daun lebar, teki",Pranatani / registri Kementan — PT Bayer Indonesia,Belum dipetakan,Entri registri tambahan; komposisi/MoA belum diisi agar tidak menebak.,01030120072815,Terdaftar pada registri sumber (termasuk kemungkinan registrasi lama),Belum diverifikasi apakah sudah launch/beredar di pasar,https://pranatani.com/badan/pt-bayer-indonesia/
292,Pestisida (registri; tipe belum dipetakan),ROUNDUP 486 SL,PT Bayer Indonesia,isopropil amina glifosat 486 g/L,SL,,,,,,Pranatani / registri Kementan — PT Bayer Indonesia,Belum dipetakan,Entri registri tambahan; komposisi/MoA belum diisi agar tidak menebak. Gramasi bahan aktif dilengkapi dari halaman produk resmi/registri yang terverifikasi.,01030120001560,Terdaftar pada registri sumber (termasuk kemungkinan registrasi lama),Belum diverifikasi apakah sudah launch/beredar di pasar,https://pranatani.com/badan/pt-bayer-indonesia/
293,Pestisida (registri; tipe belum dipetakan),ROUNDUP PERENNIAL 4/486 SC,PT Bayer Indonesia,isopropil amina glifosat 486 g/L + indaziflam 4 g/L,SC,,,,,,Pranatani / registri Kementan — PT Bayer Indonesia,Belum dipetakan,Entri registri tambahan; komposisi/MoA belum diisi agar tidak menebak. Gramasi bahan aktif dilengkapi dari halaman produk resmi/registri yang terverifikasi.,01030120259279,Terdaftar pada registri sumber (termasuk kemungkinan registrasi lama),Belum diverifikasi apakah sudah launch/beredar di pasar,https://pranatani.com/badan/pt-bayer-indonesia/
294,Pestisida (registri; tipe belum dipetakan),ROUNDUP POWERMAX 660 SL,PT Bayer Indonesia,kalium glifosat 660 g/L (setara glifosat 540 g/L),SL,,,,,,Pranatani / registri Kementan — PT Bayer Indonesia,Belum dipetakan,Entri registri tambahan; komposisi/MoA belum diisi agar tidak menebak. Gramasi bahan aktif dilengkapi dari halaman produk resmi/registri yang terverifikasi.,01030120134713,Terdaftar pada registri sumber (termasuk kemungkinan registrasi lama),Belum diverifikasi apakah sudah launch/beredar di pasar,https://pranatani.com/badan/pt-bayer-indonesia/
295,Pestisida (registri; tipe belum dipetakan),ROUNDUP TRANSORB 440SL,PT Bayer Indonesia,kalium glifosat 440 g/L (setara glifosat 360 g/L),SL,,,,,,Pranatani / registri Kementan — PT Bayer Indonesia,Belum dipetakan,Entri registri tambahan; komposisi/MoA belum diisi agar tidak menebak. Gramasi bahan aktif dilengkapi dari halaman produk resmi/registri yang terverifikasi.,01030120155319,Terdaftar pada registri sumber (termasuk kemungkinan registrasi lama),Belum diverifikasi apakah sudah launch/beredar di pasar,https://pranatani.com/badan/pt-bayer-indonesia/
296,Herbisida,Rumpas 110 EW,PT Bayer Indonesia,Fenoksaprop-P-etil 110 g/L,EW,100 ml; 250 ml,N/A - bukan insektisida,N/A - bukan fungisida,1,gulma rumput,Master sebelumnya (PDF yang diunggah) | MoA diperbarui 23-09-2026,Terisi / terklasifikasi,IRAC/FRAC diperbarui berdasarkan klasifikasi MoA; N/A berarti kelompok tersebut tidak relevan untuk kategori produk.,,,,
297,Pestisida (registri; tipe belum dipetakan),SENCOR FORTE 17.5/24 WG,PT Bayer Indonesia,"metribuzin 17,5% + flufenacet 24%",WG,,,,,,Pranatani / registri Kementan — PT Bayer Indonesia,Belum dipetakan,Entri registri tambahan; komposisi/MoA belum diisi agar tidak menebak. Gramasi bahan aktif dilengkapi dari halaman produk resmi/registri yang terverifikasi.,01030120248548,Terdaftar pada registri sumber (termasuk kemungkinan registrasi lama),Belum diverifikasi apakah sudah launch/beredar di pasar,https://pranatani.com/badan/pt-bayer-indonesia/
298,Pestisida (registri; tipe belum dipetakan),SERENADE SC,PT Bayer Indonesia,"Bacillus subtilis QST 713 1,34%",SC,,,,,,Pranatani / registri Kementan — PT Bayer Indonesia,Belum dipetakan,Entri registri tambahan; komposisi/MoA belum diisi agar tidak menebak. Gramasi bahan aktif dilengkapi dari halaman produk resmi/registri yang terverifikasi.,01040120206978,Terdaftar pada registri sumber (termasuk kemungkinan registrasi lama),Belum diverifikasi apakah sudah launch/beredar di pasar,https://pranatani.com/badan/pt-bayer-indonesia/
299,Insektisida,Sivanto Prime 200 SL,PT Bayer Indonesia,flupiradifuron 200 g/L,SL,50 ml; 100 ml,4D,,,"Kutu daun, kutu kebul, kutu loncat",Bayer + registri Indonesia,Terverifikasi,Registrasi RI.01010120186081,,,,
300,Pestisida (registri; tipe belum dipetakan),TEMPLAR 121.8/243.6 SC,PT Bayer Indonesia,"imidakloprid 243,6 g/L + beta siflutrin 121,8 g/L",SC,,,,,,Pranatani / registri Kementan — PT Bayer Indonesia,Belum dipetakan,Entri registri tambahan; komposisi/MoA belum diisi agar tidak menebak. Gramasi bahan aktif dilengkapi dari halaman produk resmi/registri yang terverifikasi.,02010120227363,Terdaftar pada registri sumber (termasuk kemungkinan registrasi lama),Belum diverifikasi apakah sudah launch/beredar di pasar,https://pranatani.com/badan/pt-bayer-indonesia/
301,Pestisida (registri; tipe belum dipetakan),TIVIANT 7/70 WG,PT Bayer Indonesia,isotianil 7% + fosetil aluminium 70%,WG,,,,,,Pranatani / registri Kementan — PT Bayer Indonesia,Belum dipetakan,Entri registri tambahan; komposisi/MoA belum diisi agar tidak menebak. Gramasi bahan aktif dilengkapi dari halaman produk resmi/registri yang terverifikasi.,01040120238204,Terdaftar pada registri sumber (termasuk kemungkinan registrasi lama),Belum diverifikasi apakah sudah launch/beredar di pasar,https://pranatani.com/badan/pt-bayer-indonesia/
302,Fungisida,Trivia 73 WP,PT Bayer Indonesia,"Fluopikolid 6%; Propineb 66,7%",WP,50 g; 200 g,N/A - bukan insektisida,43 + M03,N/A - bukan herbisida,Phytophthora; Pythium; penyakit oomycete,Master sebelumnya (PDF yang diunggah) | MoA diperbarui 23-09-2026,Terisi / terklasifikasi,IRAC/FRAC diperbarui berdasarkan klasifikasi MoA; N/A berarti kelompok tersebut tidak relevan untuk kategori produk.,01020120072819,Terdaftar pada registri sumber (termasuk kemungkinan registrasi lama),Belum diverifikasi apakah sudah launch/beredar di pasar,https://pranatani.com/badan/pt-bayer-indonesia/
303,Insektisida,Valacor 35 WG,PT Bayer Indonesia,klorantraniliprol 35%,WG,100 g,28,,,"Ulat buah, ulat daun, ulat krop, penggerek batang, ulat grayak",PT Bayer Indonesia – halaman produk resmi,Terverifikasi,Kemasan teridentifikasi; detail label perlu sinkronisasi,,,,
304,Insektisida,Vayego 200 SC,PT Bayer Indonesia,Tetraniliprol 200 g/L,SC,50 ml; 100 ml,28,N/A - bukan fungisida,N/A - bukan herbisida,ulat Lepidoptera; penggerek,Master sebelumnya (PDF yang diunggah) | MoA diperbarui 23-09-2026,Terisi / terklasifikasi,IRAC/FRAC diperbarui berdasarkan klasifikasi MoA; N/A berarti kelompok tersebut tidak relevan untuk kategori produk.,1010120196589,,,
305,Pestisida (registri; tipe belum dipetakan),VAYEGO DUO 120/240 SC,PT Bayer Indonesia,spirotetramat 240 g/L + tetraniliprol 120 g/L,SC,,,,,,Pranatani / registri Kementan — PT Bayer Indonesia,Belum dipetakan,Entri registri tambahan; komposisi/MoA belum diisi agar tidak menebak. Gramasi bahan aktif dilengkapi dari halaman produk resmi/registri yang terverifikasi.,01010120238213,Terdaftar pada registri sumber (termasuk kemungkinan registrasi lama),Belum diverifikasi apakah sudah launch/beredar di pasar,https://pranatani.com/badan/pt-bayer-indonesia/
306,Pestisida (registri; tipe belum dipetakan),VAYEGO QUANTUM 120 / 360 SC,PT Bayer Indonesia,tiakloprid 360 g/L + tetraniliprol 120 g/L,SC,,,,,,Pranatani / registri Kementan — PT Bayer Indonesia,Belum dipetakan,Entri registri tambahan; komposisi/MoA belum diisi agar tidak menebak. Gramasi bahan aktif dilengkapi dari halaman produk resmi/registri yang terverifikasi.,01010120237833,Terdaftar pada registri sumber (termasuk kemungkinan registrasi lama),Belum diverifikasi apakah sudah launch/beredar di pasar,https://pranatani.com/badan/pt-bayer-indonesia/
307,Nematisida,VELUM PRIME 400 SC,PT Bayer Indonesia,Fluopyram 400 g/L,SC,100 ml; 250 ml,,,,Nematoda,Pranatani / registri Kementan — PT Bayer Indonesia,Belum dipetakan,Entri registri tambahan; komposisi/MoA belum diisi agar tidak menebak.,01130120186234,Terdaftar pada registri sumber (termasuk kemungkinan registrasi lama),Belum diverifikasi apakah sudah launch/beredar di pasar,https://pranatani.com/badan/pt-bayer-indonesia/
308,Fungisida,XIVANA 20 SC,PT Bayer Indonesia,fluoxapiprolin 20 g/L,SC,,49,,,Penyakit oomycetes,Bayer product label / FRAC source,Perlu verifikasi Indonesia,Sumber Bayer yang ditemukan adalah label Kanada; jangan dianggap sebagai bukti izin edar Indonesia,01020120248730,Terdaftar pada registri sumber (termasuk kemungkinan registrasi lama),Beredar Di Pasar,https://pranatani.com/badan/pt-bayer-indonesia/
309,Insektisida,Arjuna 200 EC,PT Belirang Kalisari,klorfenapir 200 g/L,EC,80 ml; 250 ml; 500 ml,13,N/A - bukan fungisida,N/A - bukan herbisida,Ulat dan hama serangga,Materi distributor/YouTube + marketplace,Terverifikasi sebagian,Nama dan kadar didukung sumber sekunder; cek label primer,,,,
310,Insektisida,Dalang,PT Belirang Kalisari,,,,,,,Hama tanaman,Data penjualan produk Belka,Perlu verifikasi,Formulasi dan bahan aktif belum ditemukan,,,,
311,Insektisida,Gandrung 250,PT Belirang Kalisari,,,,,,,Hama tanaman,Data penjualan produk Belka,Perlu verifikasi,Formulasi dan bahan aktif belum ditemukan,,,,
312,Fungisida,Hajar 400 SC,PT Belirang Kalisari,azoksistrobin 250 g/L + difenokonazol 150 g/L,SC,,,11+3,,Penyakit jamur pada padi,YouTube/retailer + sumber perusahaan Belka,Terverifikasi sebagian,Ada sumber sekunder yang menyebut 250/150 dan sumber lain 200/150; konsentrasi perlu dicek pada label terbaru,,,,
313,Insektisida,Klocyper 550 EC,PT Belirang Kalisari,klorpirifos 500 g/L + sipermetrin 50 g/L,EC,,1B+3A,,,Serangga pada tanaman,Data penjualan Belka + sumber perdagangan,Perlu verifikasi,Komposisi dipetakan dari nama/konteks produk; perlu cek registri primer,,,,
314,Insektisida,Landep 450 SL,PT Belirang Kalisari,dimehipo 450 g/L,SL,,4A,,,Penggerek batang dan wereng coklat pada padi,SK/registri Kementan,Terverifikasi,RI.01010120114060,,,,
315,Insektisida,Srikandi 160/20 OD,PT Belirang Kalisari,indoksakarb 160 g/L + emamektin benzoat 20 g/L,OD,Tidak ditemukan pada sumber yang diverifikasi,22A+6,N/A - bukan fungisida,N/A - bukan herbisida,Ulat grayak/Lepidoptera,Materi distributor/YouTube + marketplace,Terverifikasi sebagian,Kadar dan nama produk didukung sumber sekunder,,,,
316,Insektisida,Sumo 50 EC,PT Belirang Kalisari,beta-siflutrin 50 g/L,EC,80 ml; 250 ml; 500 ml,3A,N/A - bukan fungisida,N/A - bukan herbisida,"Kutu daun, lalat buah, ulat grayak, orong-orong",Materi distributor/YouTube + data penjualan produk Belka,Terverifikasi sebagian,Bahan aktif didukung sumber sekunder; kemasan perlu label,,,,
317,Fungisida/Pupuk,Swallow 80 WP,PT Belirang Kalisari,belerang 85% + K 1% + Zn 2% + Mn 1% + Ca 1%,WP,500 g,,M02,,Penyakit jamur; juga sumber unsur hara,Belirang Kalisari + retailer pertanian,Terverifikasi,Sumber perusahaan menyebut peluncuran pertama 1999; registrasi/komposisi juga muncul pada sumber retailer,,,,
318,Insektisida,Klocyper 500/50 EC,PT Belirang Kalisari / BelKa,Klorpirifos 500 g/L + Sipermetrin 50 g/L,EC,Tidak ditemukan pada sumber yang diverifikasi,1B + 3A,N/A - bukan fungisida,N/A - bukan herbisida,ulat; thrips; kutu; kumbang,Master sebelumnya (PDF yang diunggah) | MoA diperbarui 23-09-2026,Terisi / terklasifikasi,IRAC/FRAC diperbarui berdasarkan klasifikasi MoA; N/A berarti kelompok tersebut tidak relevan untuk kategori produk.,,,,
319,Pestisida,BASWEED 400 SC,PT. BIOTIS AGRINDO,,,,,,,,Pranatani/Kementan registry,Perlu enrichment,Terdaftar atas nama PT. BIOTIS AGRINDO; detail teknis belum diisi dari halaman badan. Registrasi bukan bukti produk sudah launch/beredar.,,,,
320,Pestisida,BESFURON 20 WP,PT. BIOTIS AGRINDO,,,,,,,,Pranatani/Kementan registry,Perlu enrichment,Terdaftar atas nama PT. BIOTIS AGRINDO; detail teknis belum diisi dari halaman badan. Registrasi bukan bukti produk sudah launch/beredar.,,,,
321,Pestisida,BILIS 500 SC,PT. BIOTIS AGRINDO,,,,,,,,Pranatani/Kementan registry,Perlu enrichment,Terdaftar atas nama PT. BIOTIS AGRINDO; detail teknis belum diisi dari halaman badan. Registrasi bukan bukti produk sudah launch/beredar.,,,,
322,Pestisida,BIOCIS 25 EC,PT. BIOTIS AGRINDO,,,,,,,,Pranatani/Kementan registry,Perlu enrichment,Terdaftar atas nama PT. BIOTIS AGRINDO; detail teknis belum diisi dari halaman badan. Registrasi bukan bukti produk sudah launch/beredar.,,,,
323,Pestisida,BIOCRON 500 EC,PT. BIOTIS AGRINDO,,,,,,,,Pranatani/Kementan registry,Perlu enrichment,Terdaftar atas nama PT. BIOTIS AGRINDO; detail teknis belum diisi dari halaman badan. Registrasi bukan bukti produk sudah launch/beredar.,,,,
324,Pestisida,BIOGENT 50 SC,PT. BIOTIS AGRINDO,,,,,,,,Pranatani/Kementan registry,Perlu enrichment,Terdaftar atas nama PT. BIOTIS AGRINDO; detail teknis belum diisi dari halaman badan. Registrasi bukan bukti produk sudah launch/beredar.,,,,
325,Pestisida,"BIOKUM 0,005 BB",PT. BIOTIS AGRINDO,,,,,,,,Pranatani/Kementan registry,Perlu enrichment,Terdaftar atas nama PT. BIOTIS AGRINDO; detail teknis belum diisi dari halaman badan. Registrasi bukan bukti produk sudah launch/beredar.,,,,
326,Pestisida,BIOLIA 400/125 SE,PT. BIOTIS AGRINDO,,,,,,,,Pranatani/Kementan registry,Perlu enrichment,Terdaftar atas nama PT. BIOTIS AGRINDO; detail teknis belum diisi dari halaman badan. Registrasi bukan bukti produk sudah launch/beredar.,,,,
327,Pestisida,BIOLON 670 EC,PT. BIOTIS AGRINDO,,,,,,,,Pranatani/Kementan registry,Perlu enrichment,Terdaftar atas nama PT. BIOTIS AGRINDO; detail teknis belum diisi dari halaman badan. Registrasi bukan bukti produk sudah launch/beredar.,,,,
328,Pestisida,BIONASA 480 SL,PT. BIOTIS AGRINDO,,,,,,,,Pranatani/Kementan registry,Perlu enrichment,Terdaftar atas nama PT. BIOTIS AGRINDO; detail teknis belum diisi dari halaman badan. Registrasi bukan bukti produk sudah launch/beredar.,,,,
329,Pestisida,BIONASA 75 WG,PT. BIOTIS AGRINDO,,,,,,,,Pranatani/Kementan registry,Perlu enrichment,Terdaftar atas nama PT. BIOTIS AGRINDO; detail teknis belum diisi dari halaman badan. Registrasi bukan bukti produk sudah launch/beredar.,,,,
330,Pestisida,BIOPHON 10 PA,PT. BIOTIS AGRINDO,,,,,,,,Pranatani/Kementan registry,Perlu enrichment,Terdaftar atas nama PT. BIOTIS AGRINDO; detail teknis belum diisi dari halaman badan. Registrasi bukan bukti produk sudah launch/beredar.,,,,
331,Pestisida,BIORAM 160 SL,PT. BIOTIS AGRINDO,,,,,,,,Pranatani/Kementan registry,Perlu enrichment,Terdaftar atas nama PT. BIOTIS AGRINDO; detail teknis belum diisi dari halaman badan. Registrasi bukan bukti produk sudah launch/beredar.,,,,
332,Pestisida,BIOTHION 200 EC,PT. BIOTIS AGRINDO,,,,,,,,Pranatani/Kementan registry,Perlu enrichment,Terdaftar atas nama PT. BIOTIS AGRINDO; detail teknis belum diisi dari halaman badan. Registrasi bukan bukti produk sudah launch/beredar.,,,,
333,Pestisida,BIOTOMIL 40 SP,PT. BIOTIS AGRINDO,,,,,,,,Pranatani/Kementan registry,Perlu enrichment,Terdaftar atas nama PT. BIOTIS AGRINDO; detail teknis belum diisi dari halaman badan. Registrasi bukan bukti produk sudah launch/beredar.,,,,
334,Pestisida,BIOZEB 80 WP,PT. BIOTIS AGRINDO,,,,,,,,Pranatani/Kementan registry,Perlu enrichment,Terdaftar atas nama PT. BIOTIS AGRINDO; detail teknis belum diisi dari halaman badan. Registrasi bukan bukti produk sudah launch/beredar.,,,,
335,Pestisida,CADILAC 80 WP,PT. BIOTIS AGRINDO,,,,,,,,Pranatani/Kementan registry,Perlu enrichment,Terdaftar atas nama PT. BIOTIS AGRINDO; detail teknis belum diisi dari halaman badan. Registrasi bukan bukti produk sudah launch/beredar.,,,,
336,Pestisida,DAGGER 200 SL,PT. BIOTIS AGRINDO,,,,,,,,Pranatani/Kementan registry,Perlu enrichment,Terdaftar atas nama PT. BIOTIS AGRINDO; detail teknis belum diisi dari halaman badan. Registrasi bukan bukti produk sudah launch/beredar.,,,,
337,Pestisida,DELTAKING 565 EC,PT. BIOTIS AGRINDO,,,,,,,,Pranatani/Kementan registry,Perlu enrichment,Terdaftar atas nama PT. BIOTIS AGRINDO; detail teknis belum diisi dari halaman badan. Registrasi bukan bukti produk sudah launch/beredar.,,,,
339,Pestisida,DESMOS 200/60 SC,PT. BIOTIS AGRINDO,,,,,,,,Pranatani/Kementan registry,Perlu enrichment,Terdaftar atas nama PT. BIOTIS AGRINDO; detail teknis belum diisi dari halaman badan. Registrasi bukan bukti produk sudah launch/beredar.,,,,
340,Pestisida,ELGON 150 EC,PT. BIOTIS AGRINDO,,,,,,,,Pranatani/Kementan registry,Perlu enrichment,Terdaftar atas nama PT. BIOTIS AGRINDO; detail teknis belum diisi dari halaman badan. Registrasi bukan bukti produk sudah launch/beredar.,,,,
341,Pestisida,FATAL 250 EC,PT. BIOTIS AGRINDO,,,,,,,,Pranatani/Kementan registry,Perlu enrichment,Terdaftar atas nama PT. BIOTIS AGRINDO; detail teknis belum diisi dari halaman badan. Registrasi bukan bukti produk sudah launch/beredar.,,,,
343,Pestisida,GASING 135 SL,PT. BIOTIS AGRINDO,,,,,,,,Pranatani/Kementan registry,Perlu enrichment,Terdaftar atas nama PT. BIOTIS AGRINDO; detail teknis belum diisi dari halaman badan. Registrasi bukan bukti produk sudah launch/beredar.,,,,
344,Pestisida,GIGA 135 SL,PT. BIOTIS AGRINDO,,,,,,,,Pranatani/Kementan registry,Perlu enrichment,Terdaftar atas nama PT. BIOTIS AGRINDO; detail teknis belum diisi dari halaman badan. Registrasi bukan bukti produk sudah launch/beredar.,,,,
346,Pestisida,GLUFO 150 SL,PT. BIOTIS AGRINDO,,,,,,,,Pranatani/Kementan registry,Perlu enrichment,Terdaftar atas nama PT. BIOTIS AGRINDO; detail teknis belum diisi dari halaman badan. Registrasi bukan bukti produk sudah launch/beredar.,,,,
347,Pestisida,HOPPER 500 EC,PT. BIOTIS AGRINDO,,,,,,,,Pranatani/Kementan registry,Perlu enrichment,Terdaftar atas nama PT. BIOTIS AGRINDO; detail teknis belum diisi dari halaman badan. Registrasi bukan bukti produk sudah launch/beredar.,,,,
351,Pestisida,LOGIC 70 WP,PT. BIOTIS AGRINDO,,,,,,,,Pranatani/Kementan registry,Perlu enrichment,Terdaftar atas nama PT. BIOTIS AGRINDO; detail teknis belum diisi dari halaman badan. Registrasi bukan bukti produk sudah launch/beredar.,,,,
352,Pestisida,MANUVER 400 SL,PT. BIOTIS AGRINDO,,,,,,,,Pranatani/Kementan registry,Perlu enrichment,Terdaftar atas nama PT. BIOTIS AGRINDO; detail teknis belum diisi dari halaman badan. Registrasi bukan bukti produk sudah launch/beredar.,,,,
353,Pestisida,MEURTIEUR 30 EC,PT. BIOTIS AGRINDO,,,,,,,,Pranatani/Kementan registry,Perlu enrichment,Terdaftar atas nama PT. BIOTIS AGRINDO; detail teknis belum diisi dari halaman badan. Registrasi bukan bukti produk sudah launch/beredar.,,,,
355,Pestisida,NARGIS 50 WP,PT. BIOTIS AGRINDO,,,,,,,,Pranatani/Kementan registry,Perlu enrichment,Terdaftar atas nama PT. BIOTIS AGRINDO; detail teknis belum diisi dari halaman badan. Registrasi bukan bukti produk sudah launch/beredar.,,,,
356,Pestisida,NEFOS 4/12/29 WP,PT. BIOTIS AGRINDO,,,,,,,,Pranatani/Kementan registry,Perlu enrichment,Terdaftar atas nama PT. BIOTIS AGRINDO; detail teknis belum diisi dari halaman badan. Registrasi bukan bukti produk sudah launch/beredar.,,,,
357,Pestisida,NICOFURON 80 OD,PT. BIOTIS AGRINDO,,,,,,,,Pranatani/Kementan registry,Perlu enrichment,Terdaftar atas nama PT. BIOTIS AGRINDO; detail teknis belum diisi dari halaman badan. Registrasi bukan bukti produk sudah launch/beredar.,,,,
358,Pestisida,NITEN 100 SL,PT. BIOTIS AGRINDO,,,,,,,,Pranatani/Kementan registry,Perlu enrichment,Terdaftar atas nama PT. BIOTIS AGRINDO; detail teknis belum diisi dari halaman badan. Registrasi bukan bukti produk sudah launch/beredar.,,,,
359,Pestisida,NOTORA 60/6 WG,PT. BIOTIS AGRINDO,,,,,,,,Pranatani/Kementan registry,Perlu enrichment,Terdaftar atas nama PT. BIOTIS AGRINDO; detail teknis belum diisi dari halaman badan. Registrasi bukan bukti produk sudah launch/beredar.,,,,
361,Pestisida,PIAWAI 75 SP,PT. BIOTIS AGRINDO,,,,,,,,Pranatani/Kementan registry,Perlu enrichment,Terdaftar atas nama PT. BIOTIS AGRINDO; detail teknis belum diisi dari halaman badan. Registrasi bukan bukti produk sudah launch/beredar.,,,,
362,Pestisida,PLATOON 75 WP,PT. BIOTIS AGRINDO,,,,,,,,Pranatani/Kementan registry,Perlu enrichment,Terdaftar atas nama PT. BIOTIS AGRINDO; detail teknis belum diisi dari halaman badan. Registrasi bukan bukti produk sudah launch/beredar.,,,,
363,Pestisida,POLYDOR 25 EC,PT. BIOTIS AGRINDO,,,,,,,,Pranatani/Kementan registry,Perlu enrichment,Terdaftar atas nama PT. BIOTIS AGRINDO; detail teknis belum diisi dari halaman badan. Registrasi bukan bukti produk sudah launch/beredar.,,,,
365,Pestisida,PROPUS PLUS 250 SC,PT. BIOTIS AGRINDO,,,,,,,,Pranatani/Kementan registry,Perlu enrichment,Terdaftar atas nama PT. BIOTIS AGRINDO; detail teknis belum diisi dari halaman badan. Registrasi bukan bukti produk sudah launch/beredar.,,,,
366,Pestisida,RAPIDZONE 20 WG,PT. BIOTIS AGRINDO,,,,,,,,Pranatani/Kementan registry,Perlu enrichment,Terdaftar atas nama PT. BIOTIS AGRINDO; detail teknis belum diisi dari halaman badan. Registrasi bukan bukti produk sudah launch/beredar.,,,,
367,Pestisida,RENZO EXTRA 250 SC,PT. BIOTIS AGRINDO,,,,,,,,Pranatani/Kementan registry,Perlu enrichment,Terdaftar atas nama PT. BIOTIS AGRINDO; detail teknis belum diisi dari halaman badan. Registrasi bukan bukti produk sudah launch/beredar.,,,,
368,Pestisida,SCUD 100 EW,PT. BIOTIS AGRINDO,,,,,,,,Pranatani/Kementan registry,Perlu enrichment,Terdaftar atas nama PT. BIOTIS AGRINDO; detail teknis belum diisi dari halaman badan. Registrasi bukan bukti produk sudah launch/beredar.,,,,
369,Pestisida,SCUD 50 EC,PT. BIOTIS AGRINDO,,,,,,,,Pranatani/Kementan registry,Perlu enrichment,Terdaftar atas nama PT. BIOTIS AGRINDO; detail teknis belum diisi dari halaman badan. Registrasi bukan bukti produk sudah launch/beredar.,,,,
370,Pestisida,SENATOR 200 EC,PT. BIOTIS AGRINDO,,,,,,,,Pranatani/Kementan registry,Perlu enrichment,Terdaftar atas nama PT. BIOTIS AGRINDO; detail teknis belum diisi dari halaman badan. Registrasi bukan bukti produk sudah launch/beredar.,,,,
371,Pestisida,SERBU 160 SL,PT. BIOTIS AGRINDO,,,,,,,,Pranatani/Kementan registry,Perlu enrichment,Terdaftar atas nama PT. BIOTIS AGRINDO; detail teknis belum diisi dari halaman badan. Registrasi bukan bukti produk sudah launch/beredar.,,,,
372,Pestisida,SERBU 400/60 SL,PT. BIOTIS AGRINDO,,,,,,,,Pranatani/Kementan registry,Perlu enrichment,Terdaftar atas nama PT. BIOTIS AGRINDO; detail teknis belum diisi dari halaman badan. Registrasi bukan bukti produk sudah launch/beredar.,,,,
374,Pestisida,SISTEMIK 240 SL,PT. BIOTIS AGRINDO,,,,,,,,Pranatani/Kementan registry,Perlu enrichment,Terdaftar atas nama PT. BIOTIS AGRINDO; detail teknis belum diisi dari halaman badan. Registrasi bukan bukti produk sudah launch/beredar.,,,,
375,Pestisida,SOLUSI 865 SL,PT. BIOTIS AGRINDO,,,,,,,,Pranatani/Kementan registry,Perlu enrichment,Terdaftar atas nama PT. BIOTIS AGRINDO; detail teknis belum diisi dari halaman badan. Registrasi bukan bukti produk sudah launch/beredar.,,,,
376,Pestisida,SPECTRONE 250/200 EC,PT. BIOTIS AGRINDO,,,,,,,,Pranatani/Kementan registry,Perlu enrichment,Terdaftar atas nama PT. BIOTIS AGRINDO; detail teknis belum diisi dari halaman badan. Registrasi bukan bukti produk sudah launch/beredar.,,,,
377,Pestisida,STADIUM 18 EC,PT. BIOTIS AGRINDO,,,,,,,,Pranatani/Kementan registry,Perlu enrichment,Terdaftar atas nama PT. BIOTIS AGRINDO; detail teknis belum diisi dari halaman badan. Registrasi bukan bukti produk sudah launch/beredar.,,,,
378,Pestisida,STARBAN 530/55 EC,PT. BIOTIS AGRINDO,,,,,,,,Pranatani/Kementan registry,Perlu enrichment,Terdaftar atas nama PT. BIOTIS AGRINDO; detail teknis belum diisi dari halaman badan. Registrasi bukan bukti produk sudah launch/beredar.,,,,
379,Pestisida,STARBAN PLUS 200/50 SC,PT. BIOTIS AGRINDO,,,,,,,,Pranatani/Kementan registry,Perlu enrichment,Terdaftar atas nama PT. BIOTIS AGRINDO; detail teknis belum diisi dari halaman badan. Registrasi bukan bukti produk sudah launch/beredar.,,,,
380,Pestisida,TALONIL 350 EC,PT. BIOTIS AGRINDO,,,,,,,,Pranatani/Kementan registry,Perlu enrichment,Terdaftar atas nama PT. BIOTIS AGRINDO; detail teknis belum diisi dari halaman badan. Registrasi bukan bukti produk sudah launch/beredar.,,,,
381,Pestisida,TANDEM 200/125 SC,PT. BIOTIS AGRINDO,,,,,,,,Pranatani/Kementan registry,Perlu enrichment,Terdaftar atas nama PT. BIOTIS AGRINDO; detail teknis belum diisi dari halaman badan. Registrasi bukan bukti produk sudah launch/beredar.,,,,
382,Pestisida,TORERO 80 WP,PT. BIOTIS AGRINDO,,,,,,,,Pranatani/Kementan registry,Perlu enrichment,Terdaftar atas nama PT. BIOTIS AGRINDO; detail teknis belum diisi dari halaman badan. Registrasi bukan bukti produk sudah launch/beredar.,,,,
383,Herbisida,Broadplus 0.7/0.7/75 WP,PT Corteva Agriscience Indonesia,"metsulfuron-methyl 0.7% + chlorimuron-ethyl 0.7% + 2,4-D 75%",WP,,,,,Pestisida terdaftar/portfolio Corteva,Registri Indonesia + Corteva,Terverifikasi sebagian,Beberapa produk merupakan registri Corteva Manufacturing; cek pemegang pendaftaran terkini,,,,
384,Herbisida,Broadplus 10/10 WP,PT Corteva Agriscience Indonesia,metsulfuron-methyl 10% + chlorimuron-ethyl 10%,WP,,,,,Pestisida terdaftar/portfolio Corteva,Registri Indonesia + Corteva,Terverifikasi sebagian,Beberapa produk merupakan registri Corteva Manufacturing; cek pemegang pendaftaran terkini,,,,
385,Fungisida,Curzate 8/64 WP,PT Corteva Agriscience Indonesia,simoksanil 8% + mankozeb 64%,WP,,,27+M03,,Pestisida terdaftar/portfolio Corteva,Registri Indonesia + Corteva,Terverifikasi sebagian,Beberapa produk merupakan registri Corteva Manufacturing; cek pemegang pendaftaran terkini,,,,
386,Insektisida,Endure 120 SC,PT Corteva Agriscience Indonesia,spinetoram 120 g/L,SC,,5,,,Pestisida terdaftar/portfolio Corteva,Registri Indonesia + Corteva,Terverifikasi sebagian,Beberapa produk merupakan registri Corteva Manufacturing; cek pemegang pendaftaran terkini,,,,
387,Fungisida,Equation Pro 29/22.5 WG,PT Corteva Agriscience Indonesia,famoxadone 22.5% + cymoxanil 29%,WG,,,11+27,,Pestisida terdaftar/portfolio Corteva,Registri Indonesia + Corteva,Terverifikasi sebagian,Beberapa produk merupakan registri Corteva Manufacturing; cek pemegang pendaftaran terkini,,,,
388,Herbisida,Gallant 108 EC,PT Corteva Agriscience Indonesia,haloxyfop-R-methyl ester 108 g/L,EC,,,,,Pestisida terdaftar/portfolio Corteva,Registri Indonesia + Corteva,Terverifikasi sebagian,Beberapa produk merupakan registri Corteva Manufacturing; cek pemegang pendaftaran terkini,,,,
389,Insektisida,Integrate 20/20 WG,PT Corteva Agriscience Indonesia,flonicamid 20% + pymetrozine 20%,WG,,29+9B,,,Pestisida terdaftar/portfolio Corteva,Registri Indonesia + Corteva,Terverifikasi sebagian,Beberapa produk merupakan registri Corteva Manufacturing; cek pemegang pendaftaran terkini,,,,
390,Insektisida,Lannate 40 SP,PT Corteva Agriscience Indonesia,metomil 40%,SP,,1A,,,Pestisida terdaftar/portfolio Corteva,Registri Indonesia + Corteva,Terverifikasi sebagian,Beberapa produk merupakan registri Corteva Manufacturing; cek pemegang pendaftaran terkini,,,,
391,Perlakuan Benih,Lum isena 200 FS,PT Corteva Agriscience Indonesia,oxathiapiprolin 200 g/L,FS,,,49,,Pestisida terdaftar/portfolio Corteva,Registri Indonesia + Corteva,Terverifikasi sebagian,Beberapa produk merupakan registri Corteva Manufacturing; cek pemegang pendaftaran terkini,,,,
392,Herbisida,Starane 480 EC,PT Corteva Agriscience Indonesia,fluroxypyr 480 g/L,EC,,,,,Pestisida terdaftar/portfolio Corteva,Registri Indonesia + Corteva,Terverifikasi sebagian,Beberapa produk merupakan registri Corteva Manufacturing; cek pemegang pendaftaran terkini,,,,
393,Insektisida,Tenano 300/60 SC,PT Corteva Agriscience Indonesia,spinetoram 300 g/L + methoxyfenozide 60 g/L,SC,,5+18,,,Pestisida terdaftar/portfolio Corteva,Registri Indonesia + Corteva,Terverifikasi sebagian,Beberapa produk merupakan registri Corteva Manufacturing; cek pemegang pendaftaran terkini,,,,
394,Fungisida,Zorvec Entecta 48/240 SE,PT Corteva Agriscience Indonesia,oxathiapiprolin 48 g/L + benthiavalicarb 240 g/L,SE,,,49+40,,Pestisida terdaftar/portfolio Corteva,Registri Indonesia + Corteva,Terverifikasi sebagian,Beberapa produk merupakan registri Corteva Manufacturing; cek pemegang pendaftaran terkini,,,,
395,Herbisida,DMA 6 825 SL,PT. CORTEVA AGRISCIENCE MANUFACTURING INDONESIA,"2,4-D Dimethylammonium 825 g/L",SL,,,,4,Padi sawah: gulma berdaun lebar; teki,Pranatani/Kementan registry,Terverifikasi,Registrasi 010301197410; berlaku sampai 2030-11-13,,,,
396,Herbisida,Abolisi 865 SL,PT Dharma Guna Wibawa,"2,4-D dimethylamine 865 g/L",SL,,,,4,,Gulma daun lebar,DGW – katalog/artikel resmi,Terverifikasi sebagian,,,,
397,Insektisida,Balistic 50 SC,PT Dharma Guna Wibawa,fipronil 50 g/L,SC,,2B,,,Serangga,DGW – artikel resmi,Terverifikasi,,,,,
398,Fungisida,Benlox 50 WP,PT Dharma Guna Wibawa,benomyl 50%,WP,,,1,,Moler/busuk/penyakit jamur,DGW – artikel resmi,Terverifikasi,,,,,
399,Fungisida,Corona 325 SC,PT Dharma Guna Wibawa,azoxystrobin 200 g/L + difenoconazole 125 g/L,SC,,,11+3,,"Antraknosa, bercak daun, karat, busuk pangkal batang",DGW – artikel resmi,Terverifikasi,,,,,
400,Fungisida,Corona Prima 325 SC,PT Dharma Guna Wibawa,azoxystrobin 200 g/L + difenoconazole 125 g/L,SC,,,11+3,,"Antraknosa, bercak daun, karat",DGW – artikel resmi,Terverifikasi,,,,,
401,Fungisida,Cozeb 80 WP,PT Dharma Guna Wibawa,mancozeb 80%,WP,,,M03,,Bercak/penyakit jamur,DGW – artikel resmi,Terverifikasi,,,,,
402,Insektisida,Dangke 40 WP,PT Dharma Guna Wibawa,,WP,,,,,Hama tanaman,DGW – katalog resmi,Perlu verifikasi,,,,,
403,Insektisida,Dangke Turbo 40 WP,PT Dharma Guna Wibawa,,WP,,,,,Hama tanaman,DGW – katalog resmi,Perlu verifikasi,,,,,
404,Insektisida,Demolish 18 EC,PT Dharma Guna Wibawa,abamectin?,EC,,6,,,"Hama cabai, bawang, kubis, padi, kentang, tomat, kacang panjang, krisan, sawit",DGW – halaman produk resmi,Perlu verifikasi,Situs resmi yang ditemukan tidak menampilkan bahan aktif pada halaman produk; IRAC 6 jangan dipakai sebelum label dikonfirmasi,,,,
405,Fungisida,Dense 520 SC,PT Dharma Guna Wibawa,thiophanate-methyl 520 g/L,SC,,,1,,Penyakit jamur,DGW – artikel resmi,Terverifikasi,,,,,
406,Fungisida,Dense 70 WP,PT Dharma Guna Wibawa,thiophanate-methyl 70%,WP,,,1,,Penyakit jamur,DGW – artikel resmi,Terverifikasi,,,,,
407,Herbisida,Digita 150 SL,PT Dharma Guna Wibawa,,SL,,,,,Gulma,DGW – katalog/artikel resmi,Perlu verifikasi,Bahan aktif belum dikonfirmasi,,,,
408,Herbisida,Inteam 150 SL,PT Dharma Guna Wibawa,ammonium glufosinate 150 g/L,SL,,,,10,,Gulma umum,DGW – artikel resmi,Terverifikasi,,,,
409,Insektisida,Klensect 200 EC,PT Dharma Guna Wibawa,,EC,,,,,Repellent/serangga,DGW – katalog resmi,Perlu verifikasi,Bahan aktif belum ditampilkan pada sumber yang ditelusuri,,,,
410,Insektisida,Manthene 75 SP,PT Dharma Guna Wibawa,acephate 75%,SP,,1B,,,Serangga pengisap/pengunyah,DGW – artikel resmi,Terverifikasi,,,,,
411,Fungisida,Procure 20 WP,PT Dharma Guna Wibawa,cymoxanil 20%,WP,,,27,,Penyakit oomycetes,DGW – artikel resmi,Terverifikasi sebagian,FRAC 27,,,,
412,Insektisida,Provide-X 21/45 SC,PT Dharma Guna Wibawa,emamectin benzoate 21 g/L + beta-cypermethrin 45 g/L,SC,,6+3A,,,Ulat/serangga,DGW – artikel resmi,Terverifikasi,,,,,
413,Herbisida,Salvatore 12/18 WP,PT Dharma Guna Wibawa,,WP,,,,,Gulma pra-tumbuh,DGW – artikel resmi,Perlu verifikasi,Komposisi perlu konfirmasi label,,,,
414,Herbisida,Supremo 480 SL,PT Dharma Guna Wibawa,glyphosate IPA 480 g/L,SL,,,,9,,Gulma umum,DGW – artikel resmi,Terverifikasi,,,,
415,Herbisida,Supretox 276 SL,PT Dharma Guna Wibawa,paraquat dichloride 276 g/L,SL,,,,22,,Gulma umum,DGW – artikel resmi,Terverifikasi,,,,
416,Herbisida,Trendy 20 WG,PT Dharma Guna Wibawa,,WG,,,,,Gulma pra-tumbuh,DGW – artikel resmi,Perlu verifikasi,Bahan aktif perlu konfirmasi label,,,,
417,Herbisida,Triester 480 EC,PT Dharma Guna Wibawa,,EC,,,,,Gulma,DGW – katalog/artikel resmi,Perlu verifikasi,Bahan aktif perlu konfirmasi,,,,
418,Herbisida,Triester Gold 670 EC,PT Dharma Guna Wibawa,triclopyr BEE 670 g/L?,EC,,,,4,,Gulma,DGW – katalog resmi,Perlu verifikasi,,,,
419,Herbisida,Venator 550 SC,PT Dharma Guna Wibawa,mesotrione 50 g/L + atrazine 500 g/L,SC,,,,27+5,,Gulma jagung,DGW – artikel resmi,Terverifikasi,,,,
420,Fungisida,Ventra 75 WP,PT Dharma Guna Wibawa,chlorothalonil 75%,WP,,,M05,,Penyakit bercak/bercak daun,DGW – artikel resmi,Terverifikasi,,,,,
421,Herbisida,Daimex 80 WP,PT Dharma Guna Wibawa (DGW),Diuron 80 g/L,WP,250 g,N/A - bukan insektisida,N/A - bukan fungisida,5,gulma rumput; gulma daun lebar,Master sebelumnya (PDF yang diunggah) | MoA diperbarui 23-09-2026,Terisi / terklasifikasi,IRAC/FRAC diperbarui berdasarkan klasifikasi MoA; N/A berarti kelompok tersebut tidak relevan untuk kategori produk.,,,,
422,Insektisida,Demolish 18 EC,PT Dharma Guna Wibawa (DGW),Abamektin 18 g/L,EC,50 ml; 100 ml; 200 ml,6,N/A - bukan fungisida,N/A - bukan herbisida,thrips; tungau; pengorok daun,Master sebelumnya (PDF yang diunggah) | MoA diperbarui 23-09-2026,Terisi / terklasifikasi,IRAC/FRAC diperbarui berdasarkan klasifikasi MoA; N/A berarti kelompok tersebut tidak relevan untuk kategori produk.,,,,
423,Fungisida,Dense 520 SC,PT Dharma Guna Wibawa (DGW),Metil tiofanat 520 g/L,SC,200 ml; 500 ml,N/A - bukan insektisida,1,N/A - bukan herbisida,bercak daun; antraknosa; busuk jamur,Master sebelumnya (PDF yang diunggah) | MoA diperbarui 23-09-2026,Terisi / terklasifikasi,IRAC/FRAC diperbarui berdasarkan klasifikasi MoA; N/A berarti kelompok tersebut tidak relevan untuk kategori produk.,,,,
424,Fungisida,Dense 70 WP,PT Dharma Guna Wibawa (DGW),Metil tiofanat 70%,WP,200 g; 500 g,N/A - bukan insektisida,1,N/A - bukan herbisida,bercak daun; antraknosa; busuk jamur,Master sebelumnya (PDF yang diunggah) | MoA diperbarui 23-09-2026,Terisi / terklasifikasi,IRAC/FRAC diperbarui berdasarkan klasifikasi MoA; N/A berarti kelompok tersebut tidak relevan untuk kategori produk.,,,,
425,Insektisida,Detonator 20 WP,PT Dharma Guna Wibawa (DGW),Buprofezin 10% + Etofenproks 10%,WP,30 g,16 + 3A,N/A - bukan fungisida,N/A - bukan herbisida,wereng; kutu kebul; kutu sisik,Master sebelumnya (PDF yang diunggah) | MoA diperbarui 23-09-2026,Terisi / terklasifikasi,IRAC/FRAC diperbarui berdasarkan klasifikasi MoA; N/A berarti kelompok tersebut tidak relevan untuk kategori produk.,,,,
426,Fungisida,ADORE 150/50 SC,PT ETONG CHEMICAL INDONESIA,piraklostrobin 150 g/L + epoksikonazol 50 g/L,SC,,,11 + 3,,penyakit padi,PT Etong Chemical Indonesia – https://etongchem.id/produk/,Terisi / terklasifikasi,Klasifikasi MoA ditambahkan berdasarkan IRAC/FRAC/HRAC; kelompok yang tidak relevan diberi N/A.,,Tercantum pada katalog produk resmi PT Etong Chemical Indonesia,Tercantum di situs resmi,PT ETONG CHEMICAL INDONESIA – katalog produk resmi
427,Herbisida,AM-SATU 500 SC,PT ETONG CHEMICAL INDONESIA,ametrin 500 g/L,SC,,,,5,gulma tebu,PT Etong Chemical Indonesia – https://etongchem.id/produk/,Terisi / terklasifikasi,Klasifikasi MoA ditambahkan berdasarkan IRAC/FRAC/HRAC; kelompok yang tidak relevan diberi N/A.,,Tercantum pada katalog produk resmi PT Etong Chemical Indonesia,Tercantum di situs resmi,PT ETONG CHEMICAL INDONESIA – katalog produk resmi
428,Moluskisida,ARIOTOX 12 GR,PT ETONG CHEMICAL INDONESIA,metaldehida 12%,GR,,,,,siput/keong/bekicot,PT Etong Chemical Indonesia – https://etongchem.id/produk/,Terisi / terklasifikasi,Klasifikasi MoA ditambahkan berdasarkan IRAC/FRAC/HRAC; kelompok yang tidak relevan diberi N/A.,,Tercantum pada katalog produk resmi PT Etong Chemical Indonesia,Tercantum di situs resmi,PT ETONG CHEMICAL INDONESIA – katalog produk resmi
429,Insektisida,AVJUNSU 18 EC,PT ETONG CHEMICAL INDONESIA,abamektin 18 g/L,EC,,6,,,hama serangga,PT Etong Chemical Indonesia – https://etongchem.id/produk/,Terisi / terklasifikasi,Klasifikasi MoA ditambahkan berdasarkan IRAC/FRAC/HRAC; kelompok yang tidak relevan diberi N/A.,,Tercantum pada katalog produk resmi PT Etong Chemical Indonesia,Tercantum di situs resmi,PT ETONG CHEMICAL INDONESIA – katalog produk resmi
430,Insektisida,BALTIKO 68/2 WP,PT ETONG CHEMICAL INDONESIA,monosultap 68% + imidakloprid 2%,WP,,4C + 4A,,,penggerek batang padi,PT Etong Chemical Indonesia – https://etongchem.id/produk/,Terisi / terklasifikasi,Klasifikasi MoA ditambahkan berdasarkan IRAC/FRAC/HRAC; kelompok yang tidak relevan diberi N/A.,,Tercantum pada katalog produk resmi PT Etong Chemical Indonesia,Tercantum di situs resmi,PT ETONG CHEMICAL INDONESIA – katalog produk resmi
431,Herbisida,BINGQUE 50 WP,PT ETONG CHEMICAL INDONESIA,flumioxazin 50%,WP,,,,14,gulma kelapa sawit TBM,PT Etong Chemical Indonesia – https://etongchem.id/produk/,Terisi / terklasifikasi,Klasifikasi MoA ditambahkan berdasarkan IRAC/FRAC/HRAC; kelompok yang tidak relevan diberi N/A.,,Tercantum pada katalog produk resmi PT Etong Chemical Indonesia,Tercantum di situs resmi,PT ETONG CHEMICAL INDONESIA – katalog produk resmi
432,Herbisida,BRUSH-KILLER 670 EC,PT ETONG CHEMICAL INDONESIA,triklopir butoksi etil ester 670 g/L,EC,,,,4,gulma daun lebar/rumput,PT Etong Chemical Indonesia – https://etongchem.id/produk/,Terisi / terklasifikasi,Klasifikasi MoA ditambahkan berdasarkan IRAC/FRAC/HRAC; kelompok yang tidak relevan diberi N/A.,,Tercantum pada katalog produk resmi PT Etong Chemical Indonesia,Tercantum di situs resmi,PT ETONG CHEMICAL INDONESIA – katalog produk resmi
433,Insektisida,COSKO 120/35 SC,PT ETONG CHEMICAL INDONESIA,emamektin benzoat 35 g/L + klorantraniliprol 120 g/L,SC,,6 + 28,,,hama ulat,PT Etong Chemical Indonesia – https://etongchem.id/produk/,Terisi / terklasifikasi,Klasifikasi MoA ditambahkan berdasarkan IRAC/FRAC/HRAC; kelompok yang tidak relevan diberi N/A.,,Tercantum pada katalog produk resmi PT Etong Chemical Indonesia,Tercantum di situs resmi,PT ETONG CHEMICAL INDONESIA – katalog produk resmi
434,Insektisida,E-THOXAM 25 WP,PT ETONG CHEMICAL INDONESIA,tiametoksam 25%,WP,,4A,,,hama cabai,PT Etong Chemical Indonesia – https://etongchem.id/produk/,Terisi / terklasifikasi,Klasifikasi MoA ditambahkan berdasarkan IRAC/FRAC/HRAC; kelompok yang tidak relevan diberi N/A.,,Tercantum pada katalog produk resmi PT Etong Chemical Indonesia,Tercantum di situs resmi,PT ETONG CHEMICAL INDONESIA – katalog produk resmi
435,Insektisida,E-TOBAN 500/50 EC,PT ETONG CHEMICAL INDONESIA,klorpirifos 500 g/L + sipermetrin 50 g/L,EC,,1B + 3A,,,hama serangga,PT Etong Chemical Indonesia – https://etongchem.id/produk/,Terisi / terklasifikasi,Klasifikasi MoA ditambahkan berdasarkan IRAC/FRAC/HRAC; kelompok yang tidak relevan diberi N/A.,,Tercantum pada katalog produk resmi PT Etong Chemical Indonesia,Tercantum di situs resmi,PT ETONG CHEMICAL INDONESIA – katalog produk resmi
436,Insektisida,E-TOCRON 500 SC,PT ETONG CHEMICAL INDONESIA,profenofos 500 g/L,SC,,1B,,,hama kentang,PT Etong Chemical Indonesia – https://etongchem.id/produk/,Terisi / terklasifikasi,Klasifikasi MoA ditambahkan berdasarkan IRAC/FRAC/HRAC; kelompok yang tidak relevan diberi N/A.,,Tercantum pada katalog produk resmi PT Etong Chemical Indonesia,Tercantum di situs resmi,PT ETONG CHEMICAL INDONESIA – katalog produk resmi
437,Moluskisida,E-TOFENT 60 WP,PT ETONG CHEMICAL INDONESIA,fentin asetat 60%,WP,,,,,keong,PT Etong Chemical Indonesia – https://etongchem.id/produk/,Terisi / terklasifikasi,Klasifikasi MoA ditambahkan berdasarkan IRAC/FRAC/HRAC; kelompok yang tidak relevan diberi N/A.,,Tercantum pada katalog produk resmi PT Etong Chemical Indonesia,Tercantum di situs resmi,PT ETONG CHEMICAL INDONESIA – katalog produk resmi
438,Insektisida,E-TOMIL 45 SP,PT ETONG CHEMICAL INDONESIA,metomil 45%,SP,,1A,,,hama serangga,PT Etong Chemical Indonesia – https://etongchem.id/produk/,Terisi / terklasifikasi,Klasifikasi MoA ditambahkan berdasarkan IRAC/FRAC/HRAC; kelompok yang tidak relevan diberi N/A.,,Tercantum pada katalog produk resmi PT Etong Chemical Indonesia,Tercantum di situs resmi,PT ETONG CHEMICAL INDONESIA – katalog produk resmi
439,Fungisida,E-TOZEB BLUE 80 WP,PT ETONG CHEMICAL INDONESIA,mankozeb 80%,WP,,,M03,,penyakit sayuran/buah,PT Etong Chemical Indonesia – https://etongchem.id/produk/,Terisi / terklasifikasi,Klasifikasi MoA ditambahkan berdasarkan IRAC/FRAC/HRAC; kelompok yang tidak relevan diberi N/A.,,Tercantum pada katalog produk resmi PT Etong Chemical Indonesia,Tercantum di situs resmi,PT ETONG CHEMICAL INDONESIA – katalog produk resmi
440,Insektisida,EMARVEL 100/50 SC,PT ETONG CHEMICAL INDONESIA,indoksakarb 100 g/L + emamektin benzoat 50 g/L,SC,,22A + 6,,,ulat,PT Etong Chemical Indonesia – https://etongchem.id/produk/,Terisi / terklasifikasi,Klasifikasi MoA ditambahkan berdasarkan IRAC/FRAC/HRAC; kelompok yang tidak relevan diberi N/A.,,Tercantum pada katalog produk resmi PT Etong Chemical Indonesia,Tercantum di situs resmi,PT ETONG CHEMICAL INDONESIA – katalog produk resmi
441,Herbisida,ET-6 865 SL,PT ETONG CHEMICAL INDONESIA,"2,4-D dimetil amina 865 g/L",SL,,,,4,gulma daun lebar/teki,PT Etong Chemical Indonesia – https://etongchem.id/produk/,Terisi / terklasifikasi,Klasifikasi MoA ditambahkan berdasarkan IRAC/FRAC/HRAC; kelompok yang tidak relevan diberi N/A.,,Tercantum pada katalog produk resmi PT Etong Chemical Indonesia,Tercantum di situs resmi,PT ETONG CHEMICAL INDONESIA – katalog produk resmi
442,Insektisida,ET-HIPO 500 SL,PT ETONG CHEMICAL INDONESIA,dimehipo 500 g/L,SL,,4C,,,hama padi,PT Etong Chemical Indonesia – https://etongchem.id/produk/,Terisi / terklasifikasi,Klasifikasi MoA ditambahkan berdasarkan IRAC/FRAC/HRAC; kelompok yang tidak relevan diberi N/A.,,Tercantum pada katalog produk resmi PT Etong Chemical Indonesia,Tercantum di situs resmi,PT ETONG CHEMICAL INDONESIA – katalog produk resmi
443,Herbisida,ET-LUFOS 200 SL,PT ETONG CHEMICAL INDONESIA,amonium glufosinat 200 g/L,SL,,,,10,gulma,PT Etong Chemical Indonesia – https://etongchem.id/produk/,Terisi / terklasifikasi,Klasifikasi MoA ditambahkan berdasarkan IRAC/FRAC/HRAC; kelompok yang tidak relevan diberi N/A.,,Tercantum pada katalog produk resmi PT Etong Chemical Indonesia,Tercantum di situs resmi,PT ETONG CHEMICAL INDONESIA – katalog produk resmi
444,Insektisida,ET-PROKLIN 50 EC,PT ETONG CHEMICAL INDONESIA,emamektin benzoat 50 g/L,EC,,6,,,ulat/trips,PT Etong Chemical Indonesia – https://etongchem.id/produk/,Terisi / terklasifikasi,Klasifikasi MoA ditambahkan berdasarkan IRAC/FRAC/HRAC; kelompok yang tidak relevan diberi N/A.,,Tercantum pada katalog produk resmi PT Etong Chemical Indonesia,Tercantum di situs resmi,PT ETONG CHEMICAL INDONESIA – katalog produk resmi
445,Herbisida,ET-PROMAIZE 30/50/220 OD,PT ETONG CHEMICAL INDONESIA,nikosulfuron 30 g/L + mesotrion 50 g/L + atrazin 220 g/L,OD,,,,2 + 27 + 5,gulma jagung,PT Etong Chemical Indonesia – https://etongchem.id/produk/,Terisi / terklasifikasi,Klasifikasi MoA ditambahkan berdasarkan IRAC/FRAC/HRAC; kelompok yang tidak relevan diberi N/A.,,Tercantum pada katalog produk resmi PT Etong Chemical Indonesia,Tercantum di situs resmi,PT ETONG CHEMICAL INDONESIA – katalog produk resmi
446,Herbisida,ET-PRORICE 400 SC,PT ETONG CHEMICAL INDONESIA,natrium bispiribak 400 g/L,SC,,,,2,gulma padi,PT Etong Chemical Indonesia – https://etongchem.id/produk/,Terisi / terklasifikasi,Klasifikasi MoA ditambahkan berdasarkan IRAC/FRAC/HRAC; kelompok yang tidak relevan diberi N/A.,,Tercantum pada katalog produk resmi PT Etong Chemical Indonesia,Tercantum di situs resmi,PT ETONG CHEMICAL INDONESIA – katalog produk resmi
447,Herbisida,ET-PRORISO 10/50 OD,PT ETONG CHEMICAL INDONESIA,penoksulam 10 g/L + butil sihalofop 50 g/L,OD,,,,2 + 1,gulma padi,PT Etong Chemical Indonesia – https://etongchem.id/produk/,Terisi / terklasifikasi,Klasifikasi MoA ditambahkan berdasarkan IRAC/FRAC/HRAC; kelompok yang tidak relevan diberi N/A.,,Tercantum pada katalog produk resmi PT Etong Chemical Indonesia,Tercantum di situs resmi,PT ETONG CHEMICAL INDONESIA – katalog produk resmi
448,Herbisida,ET-PROZONE COMPLETE 300/10 SC,PT ETONG CHEMICAL INDONESIA,topramezon 10 g/L + atrazin 300 g/L,SC,,,,27 + 5,gulma jagung,PT Etong Chemical Indonesia – https://etongchem.id/produk/,Terisi / terklasifikasi,Klasifikasi MoA ditambahkan berdasarkan IRAC/FRAC/HRAC; kelompok yang tidak relevan diberi N/A.,,Tercantum pada katalog produk resmi PT Etong Chemical Indonesia,Tercantum di situs resmi,PT ETONG CHEMICAL INDONESIA – katalog produk resmi
449,Fungisida,ET-RAIZE 77 WP,PT ETONG CHEMICAL INDONESIA,klorotalonil 77%,WP,,,M05,,penyakit sayuran/buah,PT Etong Chemical Indonesia – https://etongchem.id/produk/,Terisi / terklasifikasi,Klasifikasi MoA ditambahkan berdasarkan IRAC/FRAC/HRAC; kelompok yang tidak relevan diberi N/A.,,Tercantum pada katalog produk resmi PT Etong Chemical Indonesia,Tercantum di situs resmi,PT ETONG CHEMICAL INDONESIA – katalog produk resmi
450,Fungisida,ET-TIO 520 SC,PT ETONG CHEMICAL INDONESIA,metil tiofanat 520 g/L,SC,,,1,,penyakit padi,PT Etong Chemical Indonesia – https://etongchem.id/produk/,Terisi / terklasifikasi,Klasifikasi MoA ditambahkan berdasarkan IRAC/FRAC/HRAC; kelompok yang tidak relevan diberi N/A.,,Tercantum pada katalog produk resmi PT Etong Chemical Indonesia,Tercantum di situs resmi,PT ETONG CHEMICAL INDONESIA – katalog produk resmi
451,Herbisida,ET-UPSTAR 480 SL,PT ETONG CHEMICAL INDONESIA,IPA glifosat 480 g/L,SL,,,,9,gulma,PT Etong Chemical Indonesia – https://etongchem.id/produk/,Terisi / terklasifikasi,Klasifikasi MoA ditambahkan berdasarkan IRAC/FRAC/HRAC; kelompok yang tidak relevan diberi N/A.,,Tercantum pada katalog produk resmi PT Etong Chemical Indonesia,Tercantum di situs resmi,PT ETONG CHEMICAL INDONESIA – katalog produk resmi
452,Herbisida,ET-ZERO 120 EC,PT ETONG CHEMICAL INDONESIA,metamifop 120 g/L,EC,,,,1,gulma padi,PT Etong Chemical Indonesia – https://etongchem.id/produk/,Terisi / terklasifikasi,Klasifikasi MoA ditambahkan berdasarkan IRAC/FRAC/HRAC; kelompok yang tidak relevan diberi N/A.,,Tercantum pada katalog produk resmi PT Etong Chemical Indonesia,Tercantum di situs resmi,PT ETONG CHEMICAL INDONESIA – katalog produk resmi
453,Herbisida,GALIGALI 240 EC,PT ETONG CHEMICAL INDONESIA,oksifluorfen 240 g/L,EC,,,,14,gulma bawang merah,PT Etong Chemical Indonesia – https://etongchem.id/produk/,Terisi / terklasifikasi,Klasifikasi MoA ditambahkan berdasarkan IRAC/FRAC/HRAC; kelompok yang tidak relevan diberi N/A.,,Tercantum pada katalog produk resmi PT Etong Chemical Indonesia,Tercantum di situs resmi,PT ETONG CHEMICAL INDONESIA – katalog produk resmi
454,Insektisida,GERCEP 75 SP,PT ETONG CHEMICAL INDONESIA,asefat 75%,SP,,1B,,,ulat/lalat buah,PT Etong Chemical Indonesia – https://etongchem.id/produk/,Terisi / terklasifikasi,Klasifikasi MoA ditambahkan berdasarkan IRAC/FRAC/HRAC; kelompok yang tidak relevan diberi N/A.,,Tercantum pada katalog produk resmi PT Etong Chemical Indonesia,Tercantum di situs resmi,PT ETONG CHEMICAL INDONESIA – katalog produk resmi
455,Insektisida,KINGBOSS 20 SG,PT ETONG CHEMICAL INDONESIA,dinotefuran 20%,SG,,4A,,,wereng/kutu,PT Etong Chemical Indonesia – https://etongchem.id/produk/,Terisi / terklasifikasi,Klasifikasi MoA ditambahkan berdasarkan IRAC/FRAC/HRAC; kelompok yang tidak relevan diberi N/A.,,Tercantum pada katalog produk resmi PT Etong Chemical Indonesia,Tercantum di situs resmi,PT ETONG CHEMICAL INDONESIA – katalog produk resmi
456,Insektisida,KK-PLUS 200 SC,PT ETONG CHEMICAL INDONESIA,klorantraniliprol 200 g/L,SC,,28,,,hama padi,PT Etong Chemical Indonesia – https://etongchem.id/produk/,Terisi / terklasifikasi,Klasifikasi MoA ditambahkan berdasarkan IRAC/FRAC/HRAC; kelompok yang tidak relevan diberi N/A.,,Tercantum pada katalog produk resmi PT Etong Chemical Indonesia,Tercantum di situs resmi,PT ETONG CHEMICAL INDONESIA – katalog produk resmi
457,Herbisida,LUFOS PLUS 100 SL,PT ETONG CHEMICAL INDONESIA,glufosinat-P 100 g/L,SL,,,,10,gulma kelapa sawit TBM,PT Etong Chemical Indonesia – https://etongchem.id/produk/,Terisi / terklasifikasi,Klasifikasi MoA ditambahkan berdasarkan IRAC/FRAC/HRAC; kelompok yang tidak relevan diberi N/A.,,Tercantum pada katalog produk resmi PT Etong Chemical Indonesia,Tercantum di situs resmi,PT ETONG CHEMICAL INDONESIA – katalog produk resmi
458,Herbisida,PA-ZONE 60/400 SL,PT ETONG CHEMICAL INDONESIA,bentazon 400 g/L + MCPA sodium 60 g/L,SL,,,,6 + 4,gulma teki padi,PT Etong Chemical Indonesia – https://etongchem.id/produk/,Terisi / terklasifikasi,Klasifikasi MoA ditambahkan berdasarkan IRAC/FRAC/HRAC; kelompok yang tidak relevan diberi N/A.,,Tercantum pada katalog produk resmi PT Etong Chemical Indonesia,Tercantum di situs resmi,PT ETONG CHEMICAL INDONESIA – katalog produk resmi
459,Fungisida,PAYLOAD 50 WP,PT ETONG CHEMICAL INDONESIA,dimetomorf 50%,WP,,,40,,penyakit kentang,PT Etong Chemical Indonesia – https://etongchem.id/produk/,Terisi / terklasifikasi,Klasifikasi MoA ditambahkan berdasarkan IRAC/FRAC/HRAC; kelompok yang tidak relevan diberi N/A.,,Tercantum pada katalog produk resmi PT Etong Chemical Indonesia,Tercantum di situs resmi,PT ETONG CHEMICAL INDONESIA – katalog produk resmi
460,Herbisida,PENOXTAR 500/100 SC,PT ETONG CHEMICAL INDONESIA,butaklor 500 g/L + oksadiazon 100 g/L,SC,,,,15 + 14,gulma padi,PT Etong Chemical Indonesia – https://etongchem.id/produk/,Terisi / terklasifikasi,Klasifikasi MoA ditambahkan berdasarkan IRAC/FRAC/HRAC; kelompok yang tidak relevan diberi N/A.,,Tercantum pada katalog produk resmi PT Etong Chemical Indonesia,Tercantum di situs resmi,PT ETONG CHEMICAL INDONESIA – katalog produk resmi
461,Fungisida,SIMO-X 20 WP,PT ETONG CHEMICAL INDONESIA,simoksanil 20%,WP,,,27,,penyakit kentang,PT Etong Chemical Indonesia – https://etongchem.id/produk/,Terisi / terklasifikasi,Klasifikasi MoA ditambahkan berdasarkan IRAC/FRAC/HRAC; kelompok yang tidak relevan diberi N/A.,,Tercantum pada katalog produk resmi PT Etong Chemical Indonesia,Tercantum di situs resmi,PT ETONG CHEMICAL INDONESIA – katalog produk resmi
462,Insektisida,SONET 75 WP,PT ETONG CHEMICAL INDONESIA,siromazin 75%,WP,,17,,,hama kentang,PT Etong Chemical Indonesia – https://etongchem.id/produk/,Terisi / terklasifikasi,Klasifikasi MoA ditambahkan berdasarkan IRAC/FRAC/HRAC; kelompok yang tidak relevan diberi N/A.,,Tercantum pada katalog produk resmi PT Etong Chemical Indonesia,Tercantum di situs resmi,PT ETONG CHEMICAL INDONESIA – katalog produk resmi
463,Fungisida,STROZOL 25/55 WG,PT ETONG CHEMICAL INDONESIA,trifloksistrobin 25% + tebukonazol 55%,WG,,,11 + 3,,blas padi,PT Etong Chemical Indonesia – https://etongchem.id/produk/,Terisi / terklasifikasi,Klasifikasi MoA ditambahkan berdasarkan IRAC/FRAC/HRAC; kelompok yang tidak relevan diberi N/A.,,Tercantum pada katalog produk resmi PT Etong Chemical Indonesia,Tercantum di situs resmi,PT ETONG CHEMICAL INDONESIA – katalog produk resmi
464,Fungisida,TALAVERA 200/125 SC,PT ETONG CHEMICAL INDONESIA,azoksistrobin 200 g/L + difenokonazol 125 g/L,SC,,,11 + 3,,penyakit padi,PT Etong Chemical Indonesia – https://etongchem.id/produk/,Terisi / terklasifikasi,Klasifikasi MoA ditambahkan berdasarkan IRAC/FRAC/HRAC; kelompok yang tidak relevan diberi N/A.,,Tercantum pada katalog produk resmi PT Etong Chemical Indonesia,Tercantum di situs resmi,PT ETONG CHEMICAL INDONESIA – katalog produk resmi
465,Insektisida,TRAVERSA 20/60 WG,PT ETONG CHEMICAL INDONESIA,nitenpiram 20% + pimetrozin 60%,WG,,4A + 9B,,,wereng padi,PT Etong Chemical Indonesia – https://etongchem.id/produk/,Terisi / terklasifikasi,Klasifikasi MoA ditambahkan berdasarkan IRAC/FRAC/HRAC; kelompok yang tidak relevan diberi N/A.,,Tercantum pada katalog produk resmi PT Etong Chemical Indonesia,Tercantum di situs resmi,PT ETONG CHEMICAL INDONESIA – katalog produk resmi
466,Insektisida,VELOX 50 EC,PT ETONG CHEMICAL INDONESIA,beta siflutrin 50 g/L,EC,,3A,,,hama kedelai,PT Etong Chemical Indonesia – https://etongchem.id/produk/,Terisi / terklasifikasi,Klasifikasi MoA ditambahkan berdasarkan IRAC/FRAC/HRAC; kelompok yang tidak relevan diberi N/A.,,Tercantum pada katalog produk resmi PT Etong Chemical Indonesia,Tercantum di situs resmi,PT ETONG CHEMICAL INDONESIA – katalog produk resmi
467,Akarisida,VESVERA 18/20 EC,PT ETONG CHEMICAL INDONESIA,abamektin 18 g/L + etoksazol 20 g/L,EC,,6 + 10B,,,tungau jeruk,PT Etong Chemical Indonesia – https://etongchem.id/produk/,Terisi / terklasifikasi,Klasifikasi MoA ditambahkan berdasarkan IRAC/FRAC/HRAC; kelompok yang tidak relevan diberi N/A.,,Tercantum pada katalog produk resmi PT Etong Chemical Indonesia,Tercantum di situs resmi,PT ETONG CHEMICAL INDONESIA – katalog produk resmi
468,Fungisida,XAMZEB 4/64 WG,PT ETONG CHEMICAL INDONESIA,metalaksil-M 4% + mankozeb 64%,WG,,,4 + M03,,penyakit sayuran,PT Etong Chemical Indonesia – https://etongchem.id/produk/,Terisi / terklasifikasi,Klasifikasi MoA ditambahkan berdasarkan IRAC/FRAC/HRAC; kelompok yang tidak relevan diberi N/A.,,Tercantum pada katalog produk resmi PT Etong Chemical Indonesia,Tercantum di situs resmi,PT ETONG CHEMICAL INDONESIA – katalog produk resmi
469,Pestisida,ABACEL 18 EC,PT. EXCEL MEG INDO,,,,,,,,"Pranatani / Registri Kementan – PT Excel Meg Indo, tarikan 19 Agustus 2026",Belum diklasifikasikan,Registri memberikan nama produk dan nomor pendaftaran. Bahan aktif sengaja dikosongkan pada batch ini bila tidak tercantum di halaman badan agar tidak mengarang.,01010120124331,Tercatat dalam registri Kementan; masa/peredaran aktual perlu dicek label/registri terbaru,,"Pranatani / Registri Kementan – PT Excel Meg Indo, tarikan 19 Agustus 2026"
470,Pestisida,ABADUR 20/500 EC,PT. EXCEL MEG INDO,,,,,,,,"Pranatani / Registri Kementan – PT Excel Meg Indo, tarikan 19 Agustus 2026",Belum diklasifikasikan,Registri memberikan nama produk dan nomor pendaftaran. Bahan aktif sengaja dikosongkan pada batch ini bila tidak tercantum di halaman badan agar tidak mengarang.,01010120206705,Tercatat dalam registri Kementan; masa/peredaran aktual perlu dicek label/registri terbaru,,"Pranatani / Registri Kementan – PT Excel Meg Indo, tarikan 19 Agustus 2026"
471,Pestisida,ABASTAR 250/40 SC,PT. EXCEL MEG INDO,,,,,,,,"Pranatani / Registri Kementan – PT Excel Meg Indo, tarikan 19 Agustus 2026",Belum diklasifikasikan,Registri memberikan nama produk dan nomor pendaftaran. Bahan aktif sengaja dikosongkan pada batch ini bila tidak tercantum di halaman badan agar tidak mengarang.,01010120155121,Tercatat dalam registri Kementan; masa/peredaran aktual perlu dicek label/registri terbaru,,"Pranatani / Registri Kementan – PT Excel Meg Indo, tarikan 19 Agustus 2026"
472,Pestisida,ABAZIDA 20/80 SC,PT. EXCEL MEG INDO,,,,,,,,"Pranatani / Registri Kementan – PT Excel Meg Indo, tarikan 19 Agustus 2026",Belum diklasifikasikan,Registri memberikan nama produk dan nomor pendaftaran. Bahan aktif sengaja dikosongkan pada batch ini bila tidak tercantum di halaman badan agar tidak mengarang.,01010120217013,Tercatat dalam registri Kementan; masa/peredaran aktual perlu dicek label/registri terbaru,,"Pranatani / Registri Kementan – PT Excel Meg Indo, tarikan 19 Agustus 2026"
473,Pestisida,BIOTARA 300 SC,PT. EXCEL MEG INDO,,,,,,,,"Pranatani / Registri Kementan – PT Excel Meg Indo, tarikan 19 Agustus 2026",Belum diklasifikasikan,Registri memberikan nama produk dan nomor pendaftaran. Bahan aktif sengaja dikosongkan pada batch ini bila tidak tercantum di halaman badan agar tidak mengarang.,01010120196509,Tercatat dalam registri Kementan; masa/peredaran aktual perlu dicek label/registri terbaru,,"Pranatani / Registri Kementan – PT Excel Meg Indo, tarikan 19 Agustus 2026"
474,Pestisida,BLUEZEB 80 WP,PT. EXCEL MEG INDO,,,,,,,,"Pranatani / Registri Kementan – PT Excel Meg Indo, tarikan 19 Agustus 2026",Belum diklasifikasikan,Registri memberikan nama produk dan nomor pendaftaran. Bahan aktif sengaja dikosongkan pada batch ini bila tidak tercantum di halaman badan agar tidak mengarang.,01020120175890,Tercatat dalam registri Kementan; masa/peredaran aktual perlu dicek label/registri terbaru,,"Pranatani / Registri Kementan – PT Excel Meg Indo, tarikan 19 Agustus 2026"
475,Pestisida,BRODIN 18/12 WP,PT. EXCEL MEG INDO,,,,,,,,"Pranatani / Registri Kementan – PT Excel Meg Indo, tarikan 19 Agustus 2026",Belum diklasifikasikan,Registri memberikan nama produk dan nomor pendaftaran. Bahan aktif sengaja dikosongkan pada batch ini bila tidak tercantum di halaman badan agar tidak mengarang.,01010120206819,Tercatat dalam registri Kementan; masa/peredaran aktual perlu dicek label/registri terbaru,,"Pranatani / Registri Kementan – PT Excel Meg Indo, tarikan 19 Agustus 2026"
476,Pestisida,CELCRON 500 EC,PT. EXCEL MEG INDO,,,,,,,,"Pranatani / Registri Kementan – PT Excel Meg Indo, tarikan 19 Agustus 2026",Belum diklasifikasikan,Registri memberikan nama produk dan nomor pendaftaran. Bahan aktif sengaja dikosongkan pada batch ini bila tidak tercantum di halaman badan agar tidak mengarang.,01010120113882,Tercatat dalam registri Kementan; masa/peredaran aktual perlu dicek label/registri terbaru,,"Pranatani / Registri Kementan – PT Excel Meg Indo, tarikan 19 Agustus 2026"
477,Pestisida,CELQUAT 276 SL,PT. EXCEL MEG INDO,,,,,,,,"Pranatani / Registri Kementan – PT Excel Meg Indo, tarikan 19 Agustus 2026",Belum diklasifikasikan,Registri memberikan nama produk dan nomor pendaftaran. Bahan aktif sengaja dikosongkan pada batch ini bila tidak tercantum di halaman badan agar tidak mengarang.,01030120114117,Tercatat dalam registri Kementan; masa/peredaran aktual perlu dicek label/registri terbaru,,"Pranatani / Registri Kementan – PT Excel Meg Indo, tarikan 19 Agustus 2026"
478,Pestisida,DIMOCEL 400 SL,PT. EXCEL MEG INDO,,,,,,,,"Pranatani / Registri Kementan – PT Excel Meg Indo, tarikan 19 Agustus 2026",Belum diklasifikasikan,Registri memberikan nama produk dan nomor pendaftaran. Bahan aktif sengaja dikosongkan pada batch ini bila tidak tercantum di halaman badan agar tidak mengarang.,01010120124354,Tercatat dalam registri Kementan; masa/peredaran aktual perlu dicek label/registri terbaru,,"Pranatani / Registri Kementan – PT Excel Meg Indo, tarikan 19 Agustus 2026"
479,Pestisida,DUMIL 40 SP,PT. EXCEL MEG INDO,,,,,,,,"Pranatani / Registri Kementan – PT Excel Meg Indo, tarikan 19 Agustus 2026",Belum diklasifikasikan,Registri memberikan nama produk dan nomor pendaftaran. Bahan aktif sengaja dikosongkan pada batch ini bila tidak tercantum di halaman badan agar tidak mengarang.,01010120206918,Tercatat dalam registri Kementan; masa/peredaran aktual perlu dicek label/registri terbaru,,"Pranatani / Registri Kementan – PT Excel Meg Indo, tarikan 19 Agustus 2026"
480,Pestisida,DUSTER 200 SC,PT. EXCEL MEG INDO,,,,,,,,"Pranatani / Registri Kementan – PT Excel Meg Indo, tarikan 19 Agustus 2026",Belum diklasifikasikan,Registri memberikan nama produk dan nomor pendaftaran. Bahan aktif sengaja dikosongkan pada batch ini bila tidak tercantum di halaman badan agar tidak mengarang.,01020120165609,Tercatat dalam registri Kementan; masa/peredaran aktual perlu dicek label/registri terbaru,,"Pranatani / Registri Kementan – PT Excel Meg Indo, tarikan 19 Agustus 2026"
481,Pestisida,EMACEL 30 EC,PT. EXCEL MEG INDO,,,,,,,,"Pranatani / Registri Kementan – PT Excel Meg Indo, tarikan 19 Agustus 2026",Belum diklasifikasikan,Registri memberikan nama produk dan nomor pendaftaran. Bahan aktif sengaja dikosongkan pada batch ini bila tidak tercantum di halaman badan agar tidak mengarang.,01010120155349,Tercatat dalam registri Kementan; masa/peredaran aktual perlu dicek label/registri terbaru,,"Pranatani / Registri Kementan – PT Excel Meg Indo, tarikan 19 Agustus 2026"
482,Pestisida,EMACEL PLUS 20/500 EC,PT. EXCEL MEG INDO,,,,,,,,"Pranatani / Registri Kementan – PT Excel Meg Indo, tarikan 19 Agustus 2026",Belum diklasifikasikan,Registri memberikan nama produk dan nomor pendaftaran. Bahan aktif sengaja dikosongkan pada batch ini bila tidak tercantum di halaman badan agar tidak mengarang.,01010120206728,Tercatat dalam registri Kementan; masa/peredaran aktual perlu dicek label/registri terbaru,,"Pranatani / Registri Kementan – PT Excel Meg Indo, tarikan 19 Agustus 2026"
483,Pestisida,EMCARB 40/160 SC,PT. EXCEL MEG INDO,,,,,,,,"Pranatani / Registri Kementan – PT Excel Meg Indo, tarikan 19 Agustus 2026",Belum diklasifikasikan,Registri memberikan nama produk dan nomor pendaftaran. Bahan aktif sengaja dikosongkan pada batch ini bila tidak tercantum di halaman badan agar tidak mengarang.,01010120217041,Tercatat dalam registri Kementan; masa/peredaran aktual perlu dicek label/registri terbaru,,"Pranatani / Registri Kementan – PT Excel Meg Indo, tarikan 19 Agustus 2026"
484,Pestisida,EMIMOR 50 EC,PT. EXCEL MEG INDO,,,,,,,,"Pranatani / Registri Kementan – PT Excel Meg Indo, tarikan 19 Agustus 2026",Belum diklasifikasikan,Registri memberikan nama produk dan nomor pendaftaran. Bahan aktif sengaja dikosongkan pada batch ini bila tidak tercantum di halaman badan agar tidak mengarang.,01010120217129,Tercatat dalam registri Kementan; masa/peredaran aktual perlu dicek label/registri terbaru,,"Pranatani / Registri Kementan – PT Excel Meg Indo, tarikan 19 Agustus 2026"
485,Pestisida,GOREX 500 EC,PT. EXCEL MEG INDO,,,,,,,,"Pranatani / Registri Kementan – PT Excel Meg Indo, tarikan 19 Agustus 2026",Belum diklasifikasikan,Registri memberikan nama produk dan nomor pendaftaran. Bahan aktif sengaja dikosongkan pada batch ini bila tidak tercantum di halaman badan agar tidak mengarang.,01010120145065,Tercatat dalam registri Kementan; masa/peredaran aktual perlu dicek label/registri terbaru,,"Pranatani / Registri Kementan – PT Excel Meg Indo, tarikan 19 Agustus 2026"
486,Pestisida,HEXAGOLD 75 WP,PT. EXCEL MEG INDO,,,,,,,,"Pranatani / Registri Kementan – PT Excel Meg Indo, tarikan 19 Agustus 2026",Belum diklasifikasikan,Registri memberikan nama produk dan nomor pendaftaran. Bahan aktif sengaja dikosongkan pada batch ini bila tidak tercantum di halaman badan agar tidak mengarang.,01020120186039,Tercatat dalam registri Kementan; masa/peredaran aktual perlu dicek label/registri terbaru,,"Pranatani / Registri Kementan – PT Excel Meg Indo, tarikan 19 Agustus 2026"
487,Pestisida,HOPTARA 500 EC,PT. EXCEL MEG INDO,,,,,,,,"Pranatani / Registri Kementan – PT Excel Meg Indo, tarikan 19 Agustus 2026",Belum diklasifikasikan,Registri memberikan nama produk dan nomor pendaftaran. Bahan aktif sengaja dikosongkan pada batch ini bila tidak tercantum di halaman badan agar tidak mengarang.,01010120186043,Tercatat dalam registri Kementan; masa/peredaran aktual perlu dicek label/registri terbaru,,"Pranatani / Registri Kementan – PT Excel Meg Indo, tarikan 19 Agustus 2026"
488,Pestisida,INDOMET 20 WG,PT. EXCEL MEG INDO,,,,,,,,"Pranatani / Registri Kementan – PT Excel Meg Indo, tarikan 19 Agustus 2026",Belum diklasifikasikan,Registri memberikan nama produk dan nomor pendaftaran. Bahan aktif sengaja dikosongkan pada batch ini bila tidak tercantum di halaman badan agar tidak mengarang.,01030120134868,Tercatat dalam registri Kementan; masa/peredaran aktual perlu dicek label/registri terbaru,,"Pranatani / Registri Kementan – PT Excel Meg Indo, tarikan 19 Agustus 2026"
489,Pestisida,INDOTRIN 250 EC,PT. EXCEL MEG INDO,,,,,,,,"Pranatani / Registri Kementan – PT Excel Meg Indo, tarikan 19 Agustus 2026",Belum diklasifikasikan,Registri memberikan nama produk dan nomor pendaftaran. Bahan aktif sengaja dikosongkan pada batch ini bila tidak tercantum di halaman badan agar tidak mengarang.,01010120134585,Tercatat dalam registri Kementan; masa/peredaran aktual perlu dicek label/registri terbaru,,"Pranatani / Registri Kementan – PT Excel Meg Indo, tarikan 19 Agustus 2026"
490,Pestisida,JIBRO 50 SC,PT. EXCEL MEG INDO,,,,,,,,"Pranatani / Registri Kementan – PT Excel Meg Indo, tarikan 19 Agustus 2026",Belum diklasifikasikan,Registri memberikan nama produk dan nomor pendaftaran. Bahan aktif sengaja dikosongkan pada batch ini bila tidak tercantum di halaman badan agar tidak mengarang.,01010120258800,Tercatat dalam registri Kementan; masa/peredaran aktual perlu dicek label/registri terbaru,,"Pranatani / Registri Kementan – PT Excel Meg Indo, tarikan 19 Agustus 2026"
491,Pestisida,KETAVE 100 SL,PT. EXCEL MEG INDO,,,,,,,,"Pranatani / Registri Kementan – PT Excel Meg Indo, tarikan 19 Agustus 2026",Belum diklasifikasikan,Registri memberikan nama produk dan nomor pendaftaran. Bahan aktif sengaja dikosongkan pada batch ini bila tidak tercantum di halaman badan agar tidak mengarang.,01010120165567,Tercatat dalam registri Kementan; masa/peredaran aktual perlu dicek label/registri terbaru,,"Pranatani / Registri Kementan – PT Excel Meg Indo, tarikan 19 Agustus 2026"
492,Pestisida,KLORTRIN 50/500 EC,PT. EXCEL MEG INDO,,,,,,,,"Pranatani / Registri Kementan – PT Excel Meg Indo, tarikan 19 Agustus 2026",Belum diklasifikasikan,Registri memberikan nama produk dan nomor pendaftaran. Bahan aktif sengaja dikosongkan pada batch ini bila tidak tercantum di halaman badan agar tidak mengarang.,01010120155366,Tercatat dalam registri Kementan; masa/peredaran aktual perlu dicek label/registri terbaru,,"Pranatani / Registri Kementan – PT Excel Meg Indo, tarikan 19 Agustus 2026"
493,Pestisida,KONTAF PLUS 250 SC,PT. EXCEL MEG INDO,,,,,,,,"Pranatani / Registri Kementan – PT Excel Meg Indo, tarikan 19 Agustus 2026",Belum diklasifikasikan,Registri memberikan nama produk dan nomor pendaftaran. Bahan aktif sengaja dikosongkan pada batch ini bila tidak tercantum di halaman badan agar tidak mengarang.,01020120134780,Tercatat dalam registri Kementan; masa/peredaran aktual perlu dicek label/registri terbaru,,"Pranatani / Registri Kementan – PT Excel Meg Indo, tarikan 19 Agustus 2026"
494,Pestisida,LOSMINE 50 EC,PT. EXCEL MEG INDO,,,,,,,,"Pranatani / Registri Kementan – PT Excel Meg Indo, tarikan 19 Agustus 2026",Belum diklasifikasikan,Registri memberikan nama produk dan nomor pendaftaran. Bahan aktif sengaja dikosongkan pada batch ini bila tidak tercantum di halaman badan agar tidak mengarang.,01010120186052,Tercatat dalam registri Kementan; masa/peredaran aktual perlu dicek label/registri terbaru,,"Pranatani / Registri Kementan – PT Excel Meg Indo, tarikan 19 Agustus 2026"
495,Pestisida,MANTRAKOL 70 WP,PT. EXCEL MEG INDO,,,,,,,,"Pranatani / Registri Kementan – PT Excel Meg Indo, tarikan 19 Agustus 2026",Belum diklasifikasikan,Registri memberikan nama produk dan nomor pendaftaran. Bahan aktif sengaja dikosongkan pada batch ini bila tidak tercantum di halaman badan agar tidak mengarang.,01020120113902,Tercatat dalam registri Kementan; masa/peredaran aktual perlu dicek label/registri terbaru,,"Pranatani / Registri Kementan – PT Excel Meg Indo, tarikan 19 Agustus 2026"
496,Pestisida,MEGATHANE KOMBO 72 WP,PT. EXCEL MEG INDO,,,,,,,,"Pranatani / Registri Kementan – PT Excel Meg Indo, tarikan 19 Agustus 2026",Belum diklasifikasikan,Registri memberikan nama produk dan nomor pendaftaran. Bahan aktif sengaja dikosongkan pada batch ini bila tidak tercantum di halaman badan agar tidak mengarang.,01020120155246,Tercatat dalam registri Kementan; masa/peredaran aktual perlu dicek label/registri terbaru,,"Pranatani / Registri Kementan – PT Excel Meg Indo, tarikan 19 Agustus 2026"
497,Pestisida,OJO 20 SG,PT. EXCEL MEG INDO,,,,,,,,"Pranatani / Registri Kementan – PT Excel Meg Indo, tarikan 19 Agustus 2026",Belum diklasifikasikan,Registri memberikan nama produk dan nomor pendaftaran. Bahan aktif sengaja dikosongkan pada batch ini bila tidak tercantum di halaman badan agar tidak mengarang.,01010120206762,Tercatat dalam registri Kementan; masa/peredaran aktual perlu dicek label/registri terbaru,,"Pranatani / Registri Kementan – PT Excel Meg Indo, tarikan 19 Agustus 2026"
498,Rodentisida,RATCELL 80 P,PT. EXCEL MEG INDO,,,,,,,,"Pranatani / Registri Kementan – PT Excel Meg Indo, tarikan 19 Agustus 2026",Belum diklasifikasikan,Registri memberikan nama produk dan nomor pendaftaran. Bahan aktif sengaja dikosongkan pada batch ini bila tidak tercantum di halaman badan agar tidak mengarang.,01120120113916,Tercatat dalam registri Kementan; masa/peredaran aktual perlu dicek label/registri terbaru,,"Pranatani / Registri Kementan – PT Excel Meg Indo, tarikan 19 Agustus 2026"
499,Pestisida,SAFE GOLD 63/12 WP,PT. EXCEL MEG INDO,,,,,,,,"Pranatani / Registri Kementan – PT Excel Meg Indo, tarikan 19 Agustus 2026",Belum diklasifikasikan,Registri memberikan nama produk dan nomor pendaftaran. Bahan aktif sengaja dikosongkan pada batch ini bila tidak tercantum di halaman badan agar tidak mengarang.,01020120217263,Tercatat dalam registri Kementan; masa/peredaran aktual perlu dicek label/registri terbaru,,"Pranatani / Registri Kementan – PT Excel Meg Indo, tarikan 19 Agustus 2026"
500,Pestisida,STARMETRIN 100 EC,PT. EXCEL MEG INDO,,,,,,,,"Pranatani / Registri Kementan – PT Excel Meg Indo, tarikan 19 Agustus 2026",Belum diklasifikasikan,Registri memberikan nama produk dan nomor pendaftaran. Bahan aktif sengaja dikosongkan pada batch ini bila tidak tercantum di halaman badan agar tidak mengarang.,01010120134822,Tercatat dalam registri Kementan; masa/peredaran aktual perlu dicek label/registri terbaru,,"Pranatani / Registri Kementan – PT Excel Meg Indo, tarikan 19 Agustus 2026"
501,Pestisida,TRICOCEL 400/125 SE,PT. EXCEL MEG INDO,,,,,,,,"Pranatani / Registri Kementan – PT Excel Meg Indo, tarikan 19 Agustus 2026",Belum diklasifikasikan,Registri memberikan nama produk dan nomor pendaftaran. Bahan aktif sengaja dikosongkan pada batch ini bila tidak tercantum di halaman badan agar tidak mengarang.,01020120196314,Tercatat dalam registri Kementan; masa/peredaran aktual perlu dicek label/registri terbaru,,"Pranatani / Registri Kementan – PT Excel Meg Indo, tarikan 19 Agustus 2026"
502,Insektisida,ABAMITE 18 EC,PT Indoin Business Group,abamektin 18 g/L,EC,,6,,,Serangga/tungau,Indoin – katalog resmi,Terverifikasi,,,,,
503,Insektisida,ACEFLO 15/20 WG,PT Indoin Business Group,acetamiprid 15% + flonicamid 20%,WG,,4A+29,,,Serangga pengisap,Indoin – katalog resmi,Terverifikasi,,,,,
504,Insektisida,AFFENDER 25 EC,PT Indoin Business Group,deltametrin 25 g/L,EC,,3A,,,Serangga,Indoin – katalog resmi,Terverifikasi,,,,,
505,Herbisida,ALEXANDER 150 SL,PT Indoin Business Group,amonium glufosinat 150 g/L,SL,,,,10,,Gulma,Indoin – katalog resmi,Terverifikasi,,,,
506,Insektisida,ALPHAS 50 EC,PT Indoin Business Group,alpha-cypermethrin 50 g/L,EC,,3A,,,Serangga,Indoin – katalog resmi,Terverifikasi,,,,,
507,Herbisida,AMETOP 500 SC,PT Indoin Business Group,ametrin 500 g/L,SC,,,,5,,Gulma,Indoin – katalog resmi,Terverifikasi,,,,
508,Herbisida,AUTOGRAPH 480 SL,PT Indoin Business Group,dikamba 480 g/L,SL,,,,4,,Gulma daun lebar,Indoin – katalog resmi,Terverifikasi,,,,
509,Fungisida,BENCURE 50 WP,PT Indoin Business Group,benomil 50%,WP,,,1,,Penyakit jamur,Indoin – katalog resmi,Terverifikasi,,,,,
510,Insektisida,BIE INDO 10 EC,PT Indoin Business Group,bifenthrin 10%,EC,,3A,,,Serangga,Indoin – katalog resmi,Terverifikasi,,,,,
511,Insektisida,BIFEN 50 WG,PT Indoin Business Group,bifenazate 50%,WG,,20D,,,Tungau,Indoin – katalog resmi,Terverifikasi,,,,,
512,Herbisida,BMA 8 865 SL,PT Indoin Business Group,"2,4-D dimetilamina 865 g/L",SL,,,,4,,Gulma daun lebar,Indoin – katalog resmi,Terverifikasi,,,,
513,Herbisida,BOSSCO 400 SC,PT Indoin Business Group,sodium bispyribac 400 g/L,SC,100 ml; 200 ml; 250 ml; 1 L,,,2,,Gulma padi,Indoin – halaman produk resmi,Terverifikasi,,,,
514,Herbisida,BULL 80 WP,PT Indoin Business Group,diuron 80%,WP,,,,5,,Gulma,Indoin – katalog resmi,Terverifikasi,,,,
515,Insektisida,CUROCROP 500 EC,PT Indoin Business Group,profenofos 500 g/L,EC,,1B,,,Serangga,Indoin – katalog resmi,Terverifikasi,,,,,
516,Fungisida,DAIVINCI 5 SC,PT Indoin Business Group,heksakonazol 5%,SC,,,3,,Penyakit jamur,Indoin – katalog resmi,Terverifikasi,,,,,
517,Fungisida,DEECOR-M 72 WP,PT Indoin Business Group,metalaksil 8% + mankozeb 64%,WP,,,4+M03,,Oomycetes/penyakit jamur,Indoin – katalog resmi,Terverifikasi,,,,,
518,Insektisida,DEMETER 5.7 SG,PT Indoin Business Group,emamektin benzoat 5.7%,SG,,6,,,Ulat,Indoin – katalog resmi,Terverifikasi,,,,,
519,Insektisida,DINOSHEEN 20 SG,PT Indoin Business Group,dinotefuran 20%,SG,,4A,,,Serangga pengisap,Indoin – katalog resmi,Terverifikasi,,,,,
520,Herbisida,DISCIPLINE 150 SL,PT Indoin Business Group,amonium glufosinat 150 g/L,SL,,,,10,,Gulma,Indoin – katalog resmi,Terverifikasi,,,,
521,Insektisida,DOSBUN 200 EC,PT Indoin Business Group,klorpirifos 200 g/L,EC,,1B,,,Serangga,Indoin – katalog resmi,Terverifikasi,,,,,
522,Herbisida,DRAKO,PT Indoin Business Group,tembotrion 34.4%,SC,,,,27,,Gulma jagung,Indoin – katalog resmi,Terverifikasi,,,,
523,Fungisida,EDGE 500 SC,PT Indoin Business Group,metil tiofanat 500 g/L,SC,,,1,,Penyakit jamur,Indoin – katalog resmi,Terverifikasi,,,,,
524,Insektisida,EMDOX 50/100 SC,PT Indoin Business Group,emamektin benzoat 50 g/L + indoksakarb 100 g/L,SC,,6+22A,,,Ulat,Indoin – katalog resmi,Terverifikasi,,,,,
525,Fungisida,EMPEROR 475 SC,PT Indoin Business Group,azoksistrobin 60 g/L + karbendazim 250 g/L + tebukonazol 165 g/L,SC,100 ml; 200 ml,,11+1+3,,"Blas, hawar pelepah, busuk batang, antraknosa, hawar daun",Indoin – halaman produk resmi,Terverifikasi,,,,,
526,Fungisida,ENERZEE 85 WP,PT Indoin Business Group,tembaga oksiklorida 85%,WP,,,M01,,Penyakit jamur/bakteri,Indoin – katalog resmi,Terverifikasi,,,,,
527,Herbisida,FASTDONE 2/4/20 OD,PT Indoin Business Group,nikosulfuron 2% + mesotrion 4% + atrazin 20%,OD,,,,2+27+5,,Gulma jagung,Indoin – katalog resmi,Terverifikasi,,,,
528,Insektisida,FENTAS 200 EC,PT Indoin Business Group,fenvalerat 200 g/L,EC,,3A,,,Serangga,Indoin – katalog resmi,Terverifikasi,,,,,
529,Insektisida,GABRU 25 WG,PT Indoin Business Group,tiametoksam 25%,WG,,4A,,,Serangga pengisap,Indoin – katalog resmi,Terverifikasi,,,,,
530,Herbisida,GOLDMINE 30/0.75 DF,PT Indoin Business Group,pretilaklor 30% + pyrazosulfuron-ethyl 0.75%,DF,,,,15+2,,Gulma padi,Indoin – katalog resmi,Terverifikasi,,,,
531,Herbisida,HERBINATOR 80 WG,PT Indoin Business Group,atrazin 72% + nikosulfuron 8%,WG,,,,5+2,,Gulma jagung,Indoin – katalog resmi,Terverifikasi,,,,
532,Insektisida,HICARB 500 EC,PT Indoin Business Group,fenobukarb 500 g/L,EC,,1A,,,Wereng/serangga pengisap,Indoin – katalog resmi,Terverifikasi,,,,,
533,Insektisida,HOKORI 440 SC,PT Indoin Business Group,buprofezin 440 g/L,SC,,16,,,Wereng/kutu,Indoin – katalog resmi,Terverifikasi,,,,,
534,Herbisida,IMAFAST 100 SL,PT Indoin Business Group,imazetapir 100 g/L,SL,,,,2,,Gulma,Indoin – katalog resmi,Terverifikasi,,,,
535,Fungisida,INDO MAXSULF,PT Indoin Business Group,sulfur 80% WDG,WDG,,,M02,,Penyakit jamur,Indoin – katalog resmi,Terverifikasi,,,,,
536,Herbisida,INDO STRONG 670 EC,PT Indoin Business Group,triclopyr butoxyethyl ester 670 g/L,EC,,,,4,,Gulma,Indoin – katalog resmi,Terverifikasi,,,,
537,Herbisida,INDOGOLD,PT Indoin Business Group,bispyribac sodium 10%,SC,,,,2,,Gulma padi,Indoin – katalog resmi,Terverifikasi,,,,
538,Insektisida,INDOKING,PT Indoin Business Group,emamektin benzoat 5%,SG,,6,,,Ulat,Indoin – katalog resmi,Terverifikasi,,,,,
539,Insektisida,INDOSHEEN,PT Indoin Business Group,imidacloprid 30.5%,SC,,4A,,,Serangga pengisap,Indoin – katalog resmi,Terverifikasi,,,,,
540,Insektisida,INDOSUPER 106/141 ZC,PT Indoin Business Group,lambda-cyhalothrin 106 g/L + thiamethoxam 141 g/L,ZC,,3A+4A,,,Serangga,Indoin – katalog resmi,Terverifikasi,,,,,
541,Herbisida,INDOTOK,PT Indoin Business Group,clodinafop-propargyl 15%,WP,,,,1,,Gulma rumput,Indoin – katalog resmi,Terverifikasi,,,,
542,Herbisida,KAMYA 500 EC,PT Indoin Business Group,butaklor 500 g/L,EC,,,,15,,Gulma padi,Indoin – katalog resmi,Terverifikasi,,,,
543,Fungisida,KAZOL 50 SC,PT Indoin Business Group,heksakonazol 50 g/L,SC,,,3,,Penyakit jamur,Indoin – katalog resmi,Terverifikasi,,,,,
544,Herbisida,KENSHI 15/385 SE,PT Indoin Business Group,penoxsulam 15 g/L + pretilachlor 385 g/L,SE,,,,2+15,,Gulma padi,Indoin – katalog resmi,Terverifikasi,,,,
545,Fungisida,LOGICON,PT Indoin Business Group,azoksistrobin 11% + tebukonazol 18.3%,SC,,,11+3,,Penyakit jamur,Indoin – katalog resmi,Terverifikasi,,,,,
546,Fungisida,LONGER 75 WP,PT Indoin Business Group,klorotalonil 75%,WP,,,M05,,Penyakit jamur,Indoin – katalog resmi,Terverifikasi,,,,,
547,Insektisida,MAGICO 40 SP,PT Indoin Business Group,metomil 40%,SP,,1A,,,Serangga,Indoin – katalog resmi,Terverifikasi,,,,,
548,Fungisida,MANZO BIR 80 WP,PT Indoin Business Group,mankozeb 80%,WP,,,M03,,Penyakit jamur,Indoin – katalog resmi,Terverifikasi,,,,,
549,Fungisida,MINDORI,PT Indoin Business Group,azoksistrobin 18.2% + difenokonazol 11.4%,SC,,,11+3,,Penyakit jamur,Indoin – katalog resmi,Terverifikasi,,,,,
550,Herbisida,MOIKO 30 EC,PT Indoin Business Group,pendimetalin 30%,EC,,,,3,,Gulma,Indoin – katalog resmi,Terverifikasi,,,,
551,Herbisida,OXYNATOR 240 EC,PT Indoin Business Group,oxyfluorfen 240 g/L,EC,,,,14,,Gulma,Indoin – katalog resmi,Terverifikasi,,,,
552,Herbisida,PARACIDE,PT Indoin Business Group,paraquat dichloride 24%,SL,,,,22,,Gulma,Indoin – katalog resmi,Terverifikasi,,,,
553,Insektisida,PARAMOUNT 50 WP,PT Indoin Business Group,diafenthiuron 50%,WP,,12A,,,Serangga pengisap/tungau,Indoin – katalog resmi,Terverifikasi,,,,,
554,Insektisida,PREOXY,PT Indoin Business Group,pyriproxyfen 10%,EC,,7C,,,Serangga pengisap,Indoin – katalog resmi,Terverifikasi,,,,,
555,Insektisida,PRONITE 60/20 WG,PT Indoin Business Group,pymetrozine 60% + nitenpyram 20%,WG,,9B+4A,,,Wereng/serangga pengisap,Indoin – katalog resmi,Terverifikasi,,,,,
556,Fungisida,PROPINEX 70 WP,PT Indoin Business Group,propineb 70%,WP,,,M03,,Penyakit jamur,Indoin – katalog resmi,Terverifikasi,,,,,
557,Fungisida,PROTEOME 400 EC,PT Indoin Business Group,isoprotiolan 400 g/L,EC,,,6,,Blast padi,Indoin – katalog resmi,Terverifikasi,,,,,
558,Insektisida,PYRODON,PT Indoin Business Group,pyriproxyfen 5% + diafenthiuron 25%,SE,,7C+12A,,,Serangga pengisap,Indoin – katalog resmi,Terverifikasi,,,,,
559,Insektisida,PYZINE 50 WG,PT Indoin Business Group,pymetrozine 50%,WG,,9B,,,Wereng/serangga pengisap,Indoin – katalog resmi,Terverifikasi,,,,,
560,Herbisida,QUATIGO 70 WP,PT Indoin Business Group,metribuzin 70%,WP,,,,5,,Gulma,Indoin – katalog resmi,Terverifikasi,,,,
561,Fungisida,RAKSAONE 60 WP,PT Indoin Business Group,sianoksol? / cymoxanil 60%,WP,,,27,,Penyakit oomycetes,Indoin – katalog resmi,Terverifikasi sebagian,Nama bahan aktif pada laman terbaca cymoxanil,,,,
562,Insektisida,RAMPRID 200/200 SC,PT Indoin Business Group,chlorfenapyr 200 g/L + imidacloprid 200 g/L,SC,,13+4A,,,Serangga,Indoin – katalog resmi,Terverifikasi,,,,,
563,Fungisida,ROLIZOL 250 EC,PT Indoin Business Group,difenokonazol 250 g/L,EC,,,3,,Penyakit jamur,Indoin – katalog resmi,Terverifikasi,,,,,
564,Insektisida,ROXIGEN SC,PT Indoin Business Group,chlorantraniliprole 18.5%,SC,,28,,,Ulat,Indoin – katalog resmi,Terverifikasi,,,,,
565,Herbisida,SENATE 200 SL,PT Indoin Business Group,amonium glufosinat 200 g/L,SL,,,,10,,Gulma,Indoin – katalog resmi,Terverifikasi,,,,
566,Fungisida,SHAKTIMAN 80 WP,PT Indoin Business Group,mankozeb 80%,WP,,,M03,,Penyakit jamur,Indoin – katalog resmi,Terverifikasi,,,,,
567,Insektisida,SHOMEI 50 SC,PT Indoin Business Group,fipronil 50 g/L,SC,,2B,,,Serangga,Indoin – katalog resmi,Terverifikasi,,,,,
568,Herbisida,SIDGN 75 WP,PT Indoin Business Group,sulfosulfuron 75%,WP,,,,2,,Gulma,Indoin – katalog resmi,Terverifikasi,,,,
569,Herbisida,SONKEI 230/95/25 EC,PT Indoin Business Group,clomazone 230 g/L + fomesafen 95 g/L + quizalofop-P-ethyl 25 g/L,EC,,,,13+14+1,,Gulma,Indoin – katalog resmi,Terverifikasi,,,,
570,Fungisida,SPIRO M-45 80 WP,PT Indoin Business Group,mankozeb 80%,WP,,,M03,,Penyakit jamur,Indoin – katalog resmi,Terverifikasi,,,,,
571,Insektisida,STARDIOR 40/20 WG,PT Indoin Business Group,pymetrozine 40% + dinotefuran 20%,WG,,9B+4A,,,Serangga pengisap,Indoin – katalog resmi,Terverifikasi,,,,,
572,Insektisida,STARLORD 100 CS,PT Indoin Business Group,lambda-cyhalothrin 100 g/L,CS,,3A,,,Serangga,Indoin – katalog resmi,Terverifikasi,,,,,
573,Fungisida,SUMATO 25 EC,PT Indoin Business Group,propikonazol 25%,EC,,,3,,Penyakit jamur,Indoin – katalog resmi,Terverifikasi,,,,,
574,Fungisida,SUPRAMET 50 WP,PT Indoin Business Group,dimetomorf 50%,WP,,,40,,Penyakit oomycetes,Indoin – katalog resmi,Terverifikasi,,,,,
575,Insektisida,SUTORO 30 EC,PT Indoin Business Group,emamektin benzoat 30 g/L,EC,,6,,,Ulat,Indoin – katalog resmi,Terverifikasi,,,,,
576,Insektisida,TAKAI 360 SC,PT Indoin Business Group,chlorfenapyr 360 g/L,SC,,13,,,Serangga,Indoin – katalog resmi,Terverifikasi,,,,,
577,Insektisida,TASTOAT 400 EC,PT Indoin Business Group,dimetoat 400 g/L,EC,,1B,,,Serangga,Indoin – katalog resmi,Terverifikasi,,,,,
578,Fungisida,TEBSUL 10/65 WG,PT Indoin Business Group,tebukonazol 10% + sulfur 65%,WG,,,3+M02,,Penyakit jamur,Indoin – katalog resmi,Terverifikasi,,,,,
579,Fungisida,TEBUZO 25.9 EC,PT Indoin Business Group,tebukonazol 25.9%,EC,,,3,,Penyakit jamur,Indoin – katalog resmi,Terverifikasi,,,,,
580,Fungisida,THRILL 159.85/159.85 SC,PT Indoin Business Group,azoksistrobin 159.85 g/L + tebukonazol 159.85 g/L,SC,,,11+3,,Penyakit jamur,Indoin – katalog resmi,Terverifikasi,,,,,
581,Insektisida,TOKINDO 180/120 SC,PT Indoin Business Group,chlorfenapyr 180 g/L + indoxacarb 120 g/L,SC,,13+22A,,,Ulat/serangga,Indoin – katalog resmi,Terverifikasi,,,,,
582,Herbisida,TOPPER 10 WP,PT Indoin Business Group,pyrazosulfuron-ethyl 10%,WP,,,,2,,Gulma padi,Indoin – katalog resmi,Terverifikasi,,,,
583,Fungisida,TRIBUNE 54.2/15 WP,PT Indoin Business Group,propineb 54.2% + tricyclazole 15%,WP,,,M03+16.1,,Blast dan penyakit jamur,Indoin – katalog resmi,Terverifikasi,,,,,
584,Pupuk,VISTA TOP,PT Indoin Business Group,Zn 3.66% + B 0.16% + Fe 0.10% + Mn 0.02% + amino acids,,,,,,,Nutrisi tanaman,Indoin – katalog resmi,Terverifikasi,,,,
585,Fungisida,ZADE 63/12 WP,PT Indoin Business Group,mankozeb 63% + karbendazim 12%,WP,,,M03+1,,Penyakit jamur,Indoin – katalog resmi,Terverifikasi,,,,,
586,Herbisida,DIFENTAM 480 SC,PT JAWA AGRINDO INTERNASIONAL,mesotrion 480 g/L,SC,,,,27,gulma jagung,Registri Kementan via Pranatani + sumber registrasi resmi Kementan,Terisi / terklasifikasi,Klasifikasi MoA ditambahkan berdasarkan IRAC/FRAC/HRAC; kelompok yang tidak relevan diberi N/A.,01030120144978,Tercatat dalam registri sumber Kementan (tarikan 19 Agustus 2026),Data registri,Registri Kementan via Pranatani + sumber registrasi resmi Kementan
587,Insektisida,FENAPIR 450 SC,PT JAWA AGRINDO INTERNASIONAL,klorfenapir 450 g/L,SC,,13,,,hama serangga,Registri Kementan via Pranatani + sumber registrasi resmi Kementan,Terisi / terklasifikasi,Klasifikasi MoA ditambahkan berdasarkan IRAC/FRAC/HRAC; kelompok yang tidak relevan diberi N/A.,01010120196530,Tercatat dalam registri sumber Kementan (tarikan 19 Agustus 2026),Data registri,Registri Kementan via Pranatani + sumber registrasi resmi Kementan
588,Zat Pengatur Tumbuh,GAPLUS 20 TB,PT JAWA AGRINDO INTERNASIONAL,asam giberelat 20%,TB,,,N/A - bukan fungisida,N/A - bukan herbisida,pengatur tumbuh,Registri Kementan via Pranatani + sumber registrasi resmi Kementan,Terisi / terklasifikasi,Klasifikasi MoA ditambahkan berdasarkan IRAC/FRAC/HRAC; kelompok yang tidak relevan diberi N/A.,01040120134867,Tercatat dalam registri sumber Kementan (tarikan 19 Agustus 2026),Data registri,Registri Kementan via Pranatani + sumber registrasi resmi Kementan
589,Zat Pengatur Tumbuh,GAPLUS 40 SL,PT JAWA AGRINDO INTERNASIONAL,asam giberelat 40 g/L,SL,,,N/A - bukan fungisida,N/A - bukan herbisida,pengatur tumbuh,Registri Kementan via Pranatani + sumber registrasi resmi Kementan,Terisi / terklasifikasi,Klasifikasi MoA ditambahkan berdasarkan IRAC/FRAC/HRAC; kelompok yang tidak relevan diberi N/A.,01040120258934,Tercatat dalam registri sumber Kementan (tarikan 19 Agustus 2026),Data registri,Registri Kementan via Pranatani + sumber registrasi resmi Kementan
590,Insektisida,HOSTADION 400 EC,PT JAWA AGRINDO INTERNASIONAL,triazofos 400 g/L,EC,,1B,,,ulat/trips/kutu,Registri Kementan via Pranatani + sumber registrasi resmi Kementan,Terisi / terklasifikasi,Klasifikasi MoA ditambahkan berdasarkan IRAC/FRAC/HRAC; kelompok yang tidak relevan diberi N/A.,01010120259218,Tercatat dalam registri sumber Kementan (tarikan 19 Agustus 2026),Data registri,Registri Kementan via Pranatani + sumber registrasi resmi Kementan
591,Herbisida,KLOOPIR 666 EC,PT JAWA AGRINDO INTERNASIONAL,triklopir 666 g/L,EC,,,,4,gulma daun lebar kelapa sawit,Registri Kementan via Pranatani + sumber registrasi resmi Kementan,Terisi / terklasifikasi,Klasifikasi MoA ditambahkan berdasarkan IRAC/FRAC/HRAC; kelompok yang tidak relevan diberi N/A.,01030120155365,Tercatat dalam registri sumber Kementan (tarikan 19 Agustus 2026),Data registri,Registri Kementan via Pranatani + sumber registrasi resmi Kementan
592,Herbisida,MACERIO 48/4 WP,PT JAWA AGRINDO INTERNASIONAL,atrazin 48% + nikosulfuron 4%,WP,,,,5 + 2,gulma jagung,Registri Kementan via Pranatani + sumber registrasi resmi Kementan,Terisi / terklasifikasi,Klasifikasi MoA ditambahkan berdasarkan IRAC/FRAC/HRAC; kelompok yang tidak relevan diberi N/A.,01030120165465,Tercatat dalam registri sumber Kementan (tarikan 19 Agustus 2026),Data registri,Registri Kementan via Pranatani + sumber registrasi resmi Kementan
593,Insektisida,NEXUS 40 SP,PT JAWA AGRINDO INTERNASIONAL,metomil 40%,SP,,1A,,,hama serangga,Registri Kementan via Pranatani + sumber registrasi resmi Kementan,Terisi / terklasifikasi,Klasifikasi MoA ditambahkan berdasarkan IRAC/FRAC/HRAC; kelompok yang tidak relevan diberi N/A.,01010120196562,Tercatat dalam registri sumber Kementan (tarikan 19 Agustus 2026),Data registri,Registri Kementan via Pranatani + sumber registrasi resmi Kementan
594,Fungisida,NOSTRO 440 EC,PT JAWA AGRINDO INTERNASIONAL,isoprotiolan 440 g/L,EC,,,6,,blas/hawar pelepah padi,Registri Kementan via Pranatani + sumber registrasi resmi Kementan,Terisi / terklasifikasi,Klasifikasi MoA ditambahkan berdasarkan IRAC/FRAC/HRAC; kelompok yang tidak relevan diberi N/A.,01020120186056,Tercatat dalam registri sumber Kementan (tarikan 19 Agustus 2026),Data registri,Registri Kementan via Pranatani + sumber registrasi resmi Kementan
595,Herbisida,OXATOP 380 SC,PT JAWA AGRINDO INTERNASIONAL,oksadiazon 380 g/L,SC,,,,14,gulma,Registri Kementan via Pranatani + sumber registrasi resmi Kementan,Terisi / terklasifikasi,Klasifikasi MoA ditambahkan berdasarkan IRAC/FRAC/HRAC; kelompok yang tidak relevan diberi N/A.,01030120145003,Tercatat dalam registri sumber Kementan (tarikan 19 Agustus 2026),Data registri,Registri Kementan via Pranatani + sumber registrasi resmi Kementan
596,Insektisida,PINAMEC 20 EC,PT JAWA AGRINDO INTERNASIONAL,abamektin 20 g/L,EC,,6,,,thrips/hama serangga,Registri Kementan via Pranatani + sumber registrasi resmi Kementan,Terisi / terklasifikasi,Klasifikasi MoA ditambahkan berdasarkan IRAC/FRAC/HRAC; kelompok yang tidak relevan diberi N/A.,01010120196567,Tercatat dalam registri sumber Kementan (tarikan 19 Agustus 2026),Data registri,Registri Kementan via Pranatani + sumber registrasi resmi Kementan
597,Herbisida,PIRIBAC 400 SC,PT JAWA AGRINDO INTERNASIONAL,natrium bispiribak 400 g/L,SC,,,,2,gulma padi,Registri Kementan via Pranatani + sumber registrasi resmi Kementan,Terisi / terklasifikasi,Klasifikasi MoA ditambahkan berdasarkan IRAC/FRAC/HRAC; kelompok yang tidak relevan diberi N/A.,01030120134804,Tercatat dalam registri sumber Kementan (tarikan 19 Agustus 2026),Data registri,Registri Kementan via Pranatani + sumber registrasi resmi Kementan
598,Fungisida,PROCLAZ 70 WP,PT JAWA AGRINDO INTERNASIONAL,propineb 70%,WP,,,M03,,penyakit jamur,Registri Kementan via Pranatani + sumber registrasi resmi Kementan,Terisi / terklasifikasi,Klasifikasi MoA ditambahkan berdasarkan IRAC/FRAC/HRAC; kelompok yang tidak relevan diberi N/A.,01020120114092,Tercatat dalam registri sumber Kementan (tarikan 19 Agustus 2026),Data registri,Registri Kementan via Pranatani + sumber registrasi resmi Kementan
599,Fungisida,PROVEN 80 WP,PT JAWA AGRINDO INTERNASIONAL,mankozeb 80%,WP,,,M03,,bercak ungu bawang merah,Registri Kementan via Pranatani + sumber registrasi resmi Kementan,Terisi / terklasifikasi,Klasifikasi MoA ditambahkan berdasarkan IRAC/FRAC/HRAC; kelompok yang tidak relevan diberi N/A.,01020120196469,Tercatat dalam registri sumber Kementan (tarikan 19 Agustus 2026),Data registri,Registri Kementan via Pranatani + sumber registrasi resmi Kementan
600,Herbisida,PULSAR 120 EW,PT JAWA AGRINDO INTERNASIONAL,fenoksaprop-P-etil 120 g/L,EW,,,,1,gulma rumput,Registri Kementan via Pranatani + sumber registrasi resmi Kementan,Terisi / terklasifikasi,Klasifikasi MoA ditambahkan berdasarkan IRAC/FRAC/HRAC; kelompok yang tidak relevan diberi N/A.,01030120259109,Tercatat dalam registri sumber Kementan (tarikan 19 Agustus 2026),Data registri,Registri Kementan via Pranatani + sumber registrasi resmi Kementan
601,Insektisida,QAISHAR 10 WP,PT JAWA AGRINDO INTERNASIONAL,nitenpiram 10%,WP,,4A,,,wereng cokelat,Registri Kementan via Pranatani + sumber registrasi resmi Kementan,Terisi / terklasifikasi,Klasifikasi MoA ditambahkan berdasarkan IRAC/FRAC/HRAC; kelompok yang tidak relevan diberi N/A.,01010120165456,Tercatat dalam registri sumber Kementan (tarikan 19 Agustus 2026),Data registri,Registri Kementan via Pranatani + sumber registrasi resmi Kementan
602,Insektisida,SPARTAN 400 SL,PT JAWA AGRINDO INTERNASIONAL,dimehipo 400 g/L,SL,,4C,,,wereng/penggerek padi,Registri Kementan via Pranatani + sumber registrasi resmi Kementan,Terisi / terklasifikasi,Klasifikasi MoA ditambahkan berdasarkan IRAC/FRAC/HRAC; kelompok yang tidak relevan diberi N/A.,01010120155190,Tercatat dalam registri sumber Kementan (tarikan 19 Agustus 2026),Data registri,Registri Kementan via Pranatani + sumber registrasi resmi Kementan
603,Insektisida,STRIKE 75 SP,PT JAWA AGRINDO INTERNASIONAL,asefat 75%,SP,,1B,,,hama serangga,Registri Kementan via Pranatani + sumber registrasi resmi Kementan,Terisi / terklasifikasi,Klasifikasi MoA ditambahkan berdasarkan IRAC/FRAC/HRAC; kelompok yang tidak relevan diberi N/A.,01010120259001,Tercatat dalam registri sumber Kementan (tarikan 19 Agustus 2026),Data registri,Registri Kementan via Pranatani + sumber registrasi resmi Kementan
604,Herbisida,VECTRAL 200 SL,PT JAWA AGRINDO INTERNASIONAL,amonium glufosinat 200 g/L,SL,,,,10,gulma karet,Registri Kementan via Pranatani + sumber registrasi resmi Kementan,Terisi / terklasifikasi,Klasifikasi MoA ditambahkan berdasarkan IRAC/FRAC/HRAC; kelompok yang tidak relevan diberi N/A.,01030120206791,Tercatat dalam registri sumber Kementan (tarikan 19 Agustus 2026),Data registri,Registri Kementan via Pranatani + sumber registrasi resmi Kementan
605,Herbisida,APSARAS 30/220 ME,PT KingAgroot Biotechnology Indonesia,flusulfinam 30 g/L + propanil 220 g/L,ME,,,,,Gulma padi,Registri Kementan/Pranatani + KingAgroot + penelusuran media sosial,Terverifikasi,Instagram KingAgroot Indonesia diminta sebagai sumber; postingan Instagram tidak dapat diindeks penuh oleh mesin pencari pada sesi ini. Registrasi digunakan sebagai verifikasi silang.,,,,
607,Herbisida,CLAWIN 60/405 ME,PT KingAgroot Biotechnology Indonesia,,ME,,,,,Gulma,Registri Kementan/Pranatani + KingAgroot + penelusuran media sosial,Terverifikasi sebagian,Instagram KingAgroot Indonesia diminta sebagai sumber; postingan Instagram tidak dapat diindeks penuh oleh mesin pencari pada sesi ini. Registrasi digunakan sebagai verifikasi silang.,,,,
609,Herbisida,DARTOS 10/250 ME,PT KingAgroot Biotechnology Indonesia,,ME,,,,,Gulma,Registri Kementan/Pranatani + KingAgroot + penelusuran media sosial,Terverifikasi sebagian,Instagram KingAgroot Indonesia diminta sebagai sumber; postingan Instagram tidak dapat diindeks penuh oleh mesin pencari pada sesi ini. Registrasi digunakan sebagai verifikasi silang.,,,,
611,Herbisida,ELIMIX 180/60 SL,PT KingAgroot Biotechnology Indonesia,,SL,,,,,Gulma,Registri Kementan/Pranatani + KingAgroot + penelusuran media sosial,Terverifikasi sebagian,Instagram KingAgroot Indonesia diminta sebagai sumber; postingan Instagram tidak dapat diindeks penuh oleh mesin pencari pada sesi ini. Registrasi digunakan sebagai verifikasi silang.,,,,
612,Herbisida,ENDOKILL 200 SL,PT KingAgroot Biotechnology Indonesia,fluchloraminopyr 200 g/L,SL,,,,4,Gulma sawit/eukaliptus,Registri Kementan/Pranatani + KingAgroot + penelusuran media sosial,Terverifikasi,Instagram KingAgroot Indonesia diminta sebagai sumber; postingan Instagram tidak dapat diindeks penuh oleh mesin pencari pada sesi ini. Registrasi digunakan sebagai verifikasi silang.,,,,
618,Herbisida,FLUMA 40 EC,PT KingAgroot Biotechnology Indonesia,flufenoximacil 40 g/L,EC,,,,14,Gulma,Registri Kementan/Pranatani + KingAgroot + penelusuran media sosial,Terverifikasi,Instagram KingAgroot Indonesia diminta sebagai sumber; postingan Instagram tidak dapat diindeks penuh oleh mesin pencari pada sesi ini. Registrasi digunakan sebagai verifikasi silang.,,,,
619,Herbisida,Fluma Forte 100 EC,PT KingAgroot Biotechnology Indonesia,flufenoximacil 100 g/L,EC,,,,14,Gulma,Registri Kementan/Pranatani + KingAgroot + penelusuran media sosial,Terverifikasi,Instagram KingAgroot Indonesia diminta sebagai sumber; postingan Instagram tidak dapat diindeks penuh oleh mesin pencari pada sesi ini. Registrasi digunakan sebagai verifikasi silang.,,,,
620,Herbisida,Fluma Gold 200 EC,PT KingAgroot Biotechnology Indonesia,,EC,,,,,Gulma,Registri Kementan/Pranatani + KingAgroot + penelusuran media sosial,Terverifikasi sebagian,Instagram KingAgroot Indonesia diminta sebagai sumber; postingan Instagram tidak dapat diindeks penuh oleh mesin pencari pada sesi ini. Registrasi digunakan sebagai verifikasi silang.,,,,
623,Herbisida,FORELOONG 20/40 OD,PT KingAgroot Biotechnology Indonesia,,OD,,,,,Gulma,Registri Kementan/Pranatani + KingAgroot + penelusuran media sosial,Terverifikasi sebagian,Instagram KingAgroot Indonesia diminta sebagai sumber; postingan Instagram tidak dapat diindeks penuh oleh mesin pencari pada sesi ini. Registrasi digunakan sebagai verifikasi silang.,,,,
624,Herbisida,GOLDWIN 220/30 OD,PT KingAgroot Biotechnology Indonesia,,OD,,,,,Gulma padi,Registri Kementan/Pranatani + KingAgroot + penelusuran media sosial,Terverifikasi sebagian,Instagram KingAgroot Indonesia diminta sebagai sumber; postingan Instagram tidak dapat diindeks penuh oleh mesin pencari pada sesi ini. Registrasi digunakan sebagai verifikasi silang.,,,,
626,Herbisida,HILLPEAK 60 OD,PT KingAgroot Biotechnology Indonesia,,OD,,,,,Gulma,Registri Kementan/Pranatani + KingAgroot + penelusuran media sosial,Terverifikasi sebagian,Instagram KingAgroot Indonesia diminta sebagai sumber; postingan Instagram tidak dapat diindeks penuh oleh mesin pencari pada sesi ini. Registrasi digunakan sebagai verifikasi silang.,,,,
628,Herbisida,Kornfu 100 SC,PT KingAgroot Biotechnology Indonesia,,SC,,,,,Gulma jagung,Registri Kementan/Pranatani + KingAgroot + penelusuran media sosial,Terverifikasi sebagian,Instagram KingAgroot Indonesia diminta sebagai sumber; postingan Instagram tidak dapat diindeks penuh oleh mesin pencari pada sesi ini. Registrasi digunakan sebagai verifikasi silang.,,,,
629,Herbisida,LONGCIL 200 EC,PT KingAgroot Biotechnology Indonesia,flufenoximacil 200 g/L,EC,,,,14,Gulma,Registri Kementan/Pranatani + KingAgroot + penelusuran media sosial,Terverifikasi,Instagram KingAgroot Indonesia diminta sebagai sumber; postingan Instagram tidak dapat diindeks penuh oleh mesin pencari pada sesi ini. Registrasi digunakan sebagai verifikasi silang.,,,,
630,Herbisida,MILESTONE 40/300 OD,PT KingAgroot Biotechnology Indonesia,,OD,,,,,Gulma,Registri Kementan/Pranatani + KingAgroot + penelusuran media sosial,Terverifikasi sebagian,Instagram KingAgroot Indonesia diminta sebagai sumber; postingan Instagram tidak dapat diindeks penuh oleh mesin pencari pada sesi ini. Registrasi digunakan sebagai verifikasi silang.,,,,
631,Herbisida,NEZHA 200/10 ME,PT KingAgroot Biotechnology Indonesia,,ME,,,,,Gulma,Registri Kementan/Pranatani + KingAgroot + penelusuran media sosial,Terverifikasi sebagian,Instagram KingAgroot Indonesia diminta sebagai sumber; postingan Instagram tidak dapat diindeks penuh oleh mesin pencari pada sesi ini. Registrasi digunakan sebagai verifikasi silang.,,,,
632,Insektisida,Onact 30 ME,PT KingAgroot Biotechnology Indonesia,isoflualanam 30 g/L,ME,,30,,,Penggerek batang padi,Registri Kementan/Pranatani + KingAgroot + penelusuran media sosial,Terverifikasi,Instagram KingAgroot Indonesia diminta sebagai sumber; postingan Instagram tidak dapat diindeks penuh oleh mesin pencari pada sesi ini. Registrasi digunakan sebagai verifikasi silang.,,,,
633,Herbisida,PLENTIS 60 OD,PT KingAgroot Biotechnology Indonesia,,OD,,,,,Gulma padi,Registri Kementan/Pranatani + KingAgroot + penelusuran media sosial,Terverifikasi sebagian,Instagram KingAgroot Indonesia diminta sebagai sumber; postingan Instagram tidak dapat diindeks penuh oleh mesin pencari pada sesi ini. Registrasi digunakan sebagai verifikasi silang.,,,,
634,Herbisida,PURMAX 50 EC,PT KingAgroot Biotechnology Indonesia,,EC,,,,,Gulma,Registri Kementan/Pranatani + KingAgroot + penelusuran media sosial,Terverifikasi sebagian,Instagram KingAgroot Indonesia diminta sebagai sumber; postingan Instagram tidak dapat diindeks penuh oleh mesin pencari pada sesi ini. Registrasi digunakan sebagai verifikasi silang.,,,,
635,Insektisida,RAVEX 40/160 SE,PT KingAgroot Biotechnology Indonesia,metoksifenosida 160 g/L + isoflualanam 40 g/L,SE,,30,,,Hama putih palsu pada padi,Registri Kementan/Pranatani + KingAgroot + penelusuran media sosial,Terverifikasi,Instagram KingAgroot Indonesia diminta sebagai sumber; postingan Instagram tidak dapat diindeks penuh oleh mesin pencari pada sesi ini. Registrasi digunakan sebagai verifikasi silang.,,,,
636,Herbisida,RICEGUARD 400 OD,PT KingAgroot Biotechnology Indonesia,,OD,,,,,Gulma padi,Registri Kementan/Pranatani + KingAgroot + penelusuran media sosial,Terverifikasi sebagian,Instagram KingAgroot Indonesia diminta sebagai sumber; postingan Instagram tidak dapat diindeks penuh oleh mesin pencari pada sesi ini. Registrasi digunakan sebagai verifikasi silang.,,,,
637,Herbisida,RICELOONG 60 SL,PT KingAgroot Biotechnology Indonesia,,SL,,,,,Gulma padi,Registri Kementan/Pranatani + KingAgroot + penelusuran media sosial,Terverifikasi sebagian,Instagram KingAgroot Indonesia diminta sebagai sumber; postingan Instagram tidak dapat diindeks penuh oleh mesin pencari pada sesi ini. Registrasi digunakan sebagai verifikasi silang.,,,,
638,Herbisida,RICELOONG GOLD 120 OD,PT KingAgroot Biotechnology Indonesia,,OD,,,,,Gulma padi,Registri Kementan/Pranatani + KingAgroot + penelusuran media sosial,Terverifikasi sebagian,Instagram KingAgroot Indonesia diminta sebagai sumber; postingan Instagram tidak dapat diindeks penuh oleh mesin pencari pada sesi ini. Registrasi digunakan sebagai verifikasi silang.,,,,
639,Herbisida,RUTTER PRO 50/100 ME,PT KingAgroot Biotechnology Indonesia,p-glufosinat 100 g/L + fluchloraminopyr-tefuryl 50 g/L,ME,,,,10,Gulma,Registri Kementan/Pranatani + KingAgroot + penelusuran media sosial,Terverifikasi,Instagram KingAgroot Indonesia diminta sebagai sumber; postingan Instagram tidak dapat diindeks penuh oleh mesin pencari pada sesi ini. Registrasi digunakan sebagai verifikasi silang.,,,,
641,Herbisida,SALIENT 40/90 OD,PT KingAgroot Biotechnology Indonesia,flusulfinam 40 g/L + tripirasulfon 90 g/L,OD,,,,,Gulma padi,Registri Kementan/Pranatani + KingAgroot + penelusuran media sosial,Terverifikasi,Instagram KingAgroot Indonesia diminta sebagai sumber; postingan Instagram tidak dapat diindeks penuh oleh mesin pencari pada sesi ini. Registrasi digunakan sebagai verifikasi silang.,,,,
642,Herbisida,Sarkton 400/60 SL,PT KingAgroot Biotechnology Indonesia,,SL,,,,,Gulma,Registri Kementan/Pranatani + KingAgroot + penelusuran media sosial,Terverifikasi sebagian,Instagram KingAgroot Indonesia diminta sebagai sumber; postingan Instagram tidak dapat diindeks penuh oleh mesin pencari pada sesi ini. Registrasi digunakan sebagai verifikasi silang.,,,,
643,Herbisida,Sunsvant 30/150/100 EC,PT KingAgroot Biotechnology Indonesia,,EC,,,,,Gulma,Registri Kementan/Pranatani + KingAgroot + penelusuran media sosial,Terverifikasi sebagian,Instagram KingAgroot Indonesia diminta sebagai sumber; postingan Instagram tidak dapat diindeks penuh oleh mesin pencari pada sesi ini. Registrasi digunakan sebagai verifikasi silang.,,,,
644,Herbisida,TENURA 120/80 OD,PT KingAgroot Biotechnology Indonesia,cinflubrolin 120 g/L + metil bensulfuron 80 g/L,OD,,,,,Gulma padi,Registri Kementan/Pranatani + KingAgroot + penelusuran media sosial,Terverifikasi,Instagram KingAgroot Indonesia diminta sebagai sumber; postingan Instagram tidak dapat diindeks penuh oleh mesin pencari pada sesi ini. Registrasi digunakan sebagai verifikasi silang.,,,,
645,Herbisida,THUREON 57/3 ME,PT KingAgroot Biotechnology Indonesia,flusulfinam 57 g/L + halauxifen-methyl 3 g/L,ME,,,,,Gulma padi,Registri Kementan/Pranatani + KingAgroot + penelusuran media sosial,Terverifikasi,Instagram KingAgroot Indonesia diminta sebagai sumber; postingan Instagram tidak dapat diindeks penuh oleh mesin pencari pada sesi ini. Registrasi digunakan sebagai verifikasi silang.,,,,
646,Herbisida,TIBROX 100/100 ME,PT KingAgroot Biotechnology Indonesia,p-glufosinat 100 g/L + fluchloraminopyr-tefuryl 100 g/L,ME,,,,,Gulma sawit,Registri Kementan/Pranatani + KingAgroot + penelusuran media sosial,Terverifikasi,Instagram KingAgroot Indonesia diminta sebagai sumber; postingan Instagram tidak dapat diindeks penuh oleh mesin pencari pada sesi ini. Registrasi digunakan sebagai verifikasi silang.,,,,
647,Herbisida,Windix 10/190 ME,PT KingAgroot Biotechnology Indonesia,,ME,,,,,Gulma,Registri Kementan/Pranatani + KingAgroot + penelusuran media sosial,Terverifikasi sebagian,Instagram KingAgroot Indonesia diminta sebagai sumber; postingan Instagram tidak dapat diindeks penuh oleh mesin pencari pada sesi ini. Registrasi digunakan sebagai verifikasi silang.,,,,
648,Herbisida,WINSPEED 10/100 ME,PT KingAgroot Biotechnology Indonesia,p-glufosinat 100 g/L + flufenoximacil 10 g/L,ME,,,,10,Gulma,Registri Kementan/Pranatani + KingAgroot + penelusuran media sosial,Terverifikasi,Instagram KingAgroot Indonesia diminta sebagai sumber; postingan Instagram tidak dapat diindeks penuh oleh mesin pencari pada sesi ini. Registrasi digunakan sebagai verifikasi silang.,,,,
649,Herbisida,WINSPEED GOLD 20/200 ME,PT KingAgroot Biotechnology Indonesia,p-glufosinat 200 g/L + flufenoximacil 20 g/L,ME,,,,,Gulma sawit,Registri Kementan/Pranatani + KingAgroot + penelusuran media sosial,Terverifikasi,Instagram KingAgroot Indonesia diminta sebagai sumber; postingan Instagram tidak dapat diindeks penuh oleh mesin pencari pada sesi ini. Registrasi digunakan sebagai verifikasi silang.,,,,
650,Insektisida,Zytor 30/60 SE,PT KingAgroot Biotechnology Indonesia,klorantraniliprol 60 g/L + isoflualanam 30 g/L,SE,,30,,,Penggerek batang pada padi,Registri Kementan/Pranatani + KingAgroot + penelusuran media sosial,Terverifikasi,Instagram KingAgroot Indonesia diminta sebagai sumber; postingan Instagram tidak dapat diindeks penuh oleh mesin pencari pada sesi ini. Registrasi digunakan sebagai verifikasi silang.,,,,
651,Herbisida,Farmquat 276 SL,PT Maxxi Agri Indonesia,paraquat diklorida 276 g/L,SL,500 ml; 1 L; 20 L,,,22,,Gulma berdaun lebar dan rumput pada kelapa sawit TBM,Maxxi Agri – halaman produk resmi,Terverifikasi,,,,
652,Herbisida,Herbi Antigulma 500/50 SC,PT Maxxi Agri Indonesia,atrazin 500 g/L + mesotrion 50 g/L,SC,,,,5+27,,Gulma daun lebar pada jagung,Registri pestisida terindeks,Terverifikasi,,,,
653,Herbisida,Insta Max 240 SL,PT Maxxi Agri Indonesia,amonium glufosinat 240 g/L,SL,,,,10,,Gulma umum,Registri pestisida terindeks,Terverifikasi,,,,
654,Herbisida,Jagungklintop 200/70/20 OD,PT Maxxi Agri Indonesia,atrazin 200 g/L + mesotrion 70 g/L + nikosulfuron 20 g/L,OD,,,,5+27+2,,Gulma daun lebar dan rumput pada jagung,Registri pestisida terindeks,Terverifikasi,,,,
655,Herbisida,Maxxone 276 SL,PT Maxxi Agri Indonesia,paraquat diklorida 276 g/L,SL,1 L; 5 L; 10 L; 20 L,,,22,,Gulma berdaun lebar dan rumput,Maxxi Agri – halaman produk resmi,Terverifikasi,,,,
656,Herbisida,Neoxone 276 SL,PT Maxxi Agri Indonesia,paraquat diklorida 276 g/L,SL,1 L; 5 L; 10 L; 20 L,,,22,,Gulma berdaun lebar dan rumput pada kelapa sawit TBM,Maxxi Agri – halaman produk resmi,Terverifikasi,,,,
657,Herbisida,Orixone 138 SL,PT Maxxi Agri Indonesia,paraquat diklorida 138 g/L,SL,1 L; 5 L; 10 L; 20 L,,,22,,Gulma rumput dan daun lebar,Maxxi Agri – halaman produk resmi,Terverifikasi,,,,
658,Pupuk,Padivit-B,PT Maxxi Agri Indonesia,NPK 12-30-25,,500 g; 1 kg,,,,,Nutrisi tanaman,Maxxi Agri – halaman produk resmi,Terverifikasi,,,,
659,Pupuk,Padivit-D,PT Maxxi Agri Indonesia,NPK 26-6-6,,500 g; 1 kg,,,,,Nutrisi tanaman,Maxxi Agri – halaman produk resmi,Terverifikasi,,,,
660,Insektisida,Reggi 60 EC,PT Maxxi Agri Indonesia,fipronil 60 g/L,EC,,2B,,,Serangga,Registri pestisida terindeks,Terverifikasi,Nomor 01010120155394,,,,
661,Herbisida,Selectivo 80 OD,PT Maxxi Agri Indonesia,tembotrion 80 g/L,OD,,,,27,,Gulma pada jagung,Registri pestisida terindeks,Terverifikasi,,,,
662,Herbisida,AMORA 200 SL,PT Mitra Kreasidharma (MKD),,SL,,,,,Produk MKD / artikel dan katalog 2026,MKD – situs resmi,Terverifikasi sebagian,Produk baru 2026 ditandai dari artikel/halaman produk; beberapa bahan aktif belum ditampilkan pada halaman indeks,,,,
663,Insektisida,ASGARD 25 WP,PT Mitra Kreasidharma (MKD),,WP,,,,,Produk MKD / artikel dan katalog 2026,MKD – situs resmi,Terverifikasi sebagian,Produk baru 2026 ditandai dari artikel/halaman produk; beberapa bahan aktif belum ditampilkan pada halaman indeks,,,,
664,Insektisida,Bomba 25 WP,PT Mitra Kreasidharma (MKD),Metomil 25%,WP,Tidak ditemukan pada sumber yang diverifikasi,1A,N/A - bukan fungisida,N/A - bukan herbisida,ulat; thrips; kutu,Master sebelumnya (PDF yang diunggah) | MoA diperbarui 23-09-2026,Terisi / terklasifikasi,IRAC/FRAC diperbarui berdasarkan klasifikasi MoA; N/A berarti kelompok tersebut tidak relevan untuk kategori produk.,,,,
665,Insektisida,Bomber 20 EC,PT Mitra Kreasidharma (MKD),Permetrin 20 g/L,EC,Tidak ditemukan pada sumber yang diverifikasi,3A,N/A - bukan fungisida,N/A - bukan herbisida,Hama serangga sesuai label produk,Master sebelumnya (PDF yang diunggah) | MoA diperbarui 23-09-2026,Terisi / terklasifikasi,IRAC/FRAC diperbarui berdasarkan klasifikasi MoA; N/A berarti kelompok tersebut tidak relevan untuk kategori produk.,,,,
666,Insektisida,Brasso 250 EC,PT Mitra Kreasidharma (MKD),Sipermetrin 250 g/L,EC,Tidak ditemukan pada sumber yang diverifikasi,3A,N/A - bukan fungisida,N/A - bukan herbisida,ulat; thrips; kutu; kumbang,Master sebelumnya (PDF yang diunggah) | MoA diperbarui 23-09-2026,Terisi / terklasifikasi,IRAC/FRAC diperbarui berdasarkan klasifikasi MoA; N/A berarti kelompok tersebut tidak relevan untuk kategori produk.,,,,
667,Insektisida,CHLORDIN 100/200 SC,PT Mitra Kreasidharma (MKD),chlorantraniliprole 100 g/L + chlorfenapyr 200 g/L,SC,100 ml; 200 ml,28+13,,,ulat; ulat grayak; ulat buah,MKD – situs resmi,Terverifikasi sebagian,Produk baru 2026 ditandai dari artikel/halaman produk; beberapa bahan aktif belum ditampilkan pada halaman indeks,,,,
668,Insektisida,Delta 25 EC,PT Mitra Kreasidharma (MKD),Deltametrin 25 g/L,EC,Tidak ditemukan pada sumber yang diverifikasi,3A,N/A - bukan fungisida,N/A - bukan herbisida,ulat; thrips; kutu; kumbang,Master sebelumnya (PDF yang diunggah) | MoA diperbarui 23-09-2026,Terisi / terklasifikasi,IRAC/FRAC diperbarui berdasarkan klasifikasi MoA; N/A berarti kelompok tersebut tidak relevan untuk kategori produk.,,,,
669,Fungisida,INDOKOR 250 EC,PT Mitra Kreasidharma (MKD),,EC,,,,,Produk MKD / artikel dan katalog 2026,MKD – situs resmi,Terverifikasi sebagian,Produk baru 2026 ditandai dari artikel/halaman produk; beberapa bahan aktif belum ditampilkan pada halaman indeks,,,,
670,Insektisida,Klopindo 10 WP,PT Mitra Kreasidharma (MKD),imidakloprid 10%,WP,,4A,,,Produk MKD / artikel dan katalog 2026,MKD – situs resmi,Terverifikasi sebagian,Produk baru 2026 ditandai dari artikel/halaman produk; beberapa bahan aktif belum ditampilkan pada halaman indeks,,,,
671,Insektisida,LANNATE 25 WP,PT Mitra Kreasidharma (MKD),metomil 25%,WP,,1A,,,Produk MKD / artikel dan katalog 2026,MKD – situs resmi,Terverifikasi sebagian,Produk baru 2026 ditandai dari artikel/halaman produk; beberapa bahan aktif belum ditampilkan pada halaman indeks,,,,
672,Insektisida,LANNATE 40 SP,PT Mitra Kreasidharma (MKD),metomil 40%,SP,,1A,,,Produk MKD / artikel dan katalog 2026,MKD – situs resmi,Terverifikasi sebagian,Produk baru 2026 ditandai dari artikel/halaman produk; beberapa bahan aktif belum ditampilkan pada halaman indeks,,,,
673,Insektisida,Metindo 40 SP,PT Mitra Kreasidharma (MKD),Metomil 40%,SP,100 g,1A,N/A - bukan fungisida,N/A - bukan herbisida,ulat; thrips; kutu,Master sebelumnya (PDF yang diunggah) | MoA diperbarui 23-09-2026,Terisi / terklasifikasi,IRAC/FRAC diperbarui berdasarkan klasifikasi MoA; N/A berarti kelompok tersebut tidak relevan untuk kategori produk.,,,,
674,Herbisida,Metsulindo 20 WP,PT Mitra Kreasidharma (MKD),Metil metsulfuron 20%,WP,250 g,N/A - bukan insektisida,N/A - bukan fungisida,2,gulma daun lebar; beberapa gulma berdaun sempit,Master sebelumnya (PDF yang diunggah) | MoA diperbarui 23-09-2026,Terisi / terklasifikasi,IRAC/FRAC diperbarui berdasarkan klasifikasi MoA; N/A berarti kelompok tersebut tidak relevan untuk kategori produk.,,,,
675,Biostimulan,NUTRISAE 400 SL,PT Mitra Kreasidharma (MKD),hidrolisis enzimatik protein 400 g/L + asam amino bebas 100 g/L + Zn 10 g/L + B 10 g/L,SL,,,,,Produk MKD / artikel dan katalog 2026,MKD – situs resmi,Terverifikasi sebagian,Produk baru 2026 ditandai dari artikel/halaman produk; beberapa bahan aktif belum ditampilkan pada halaman indeks,,,,
676,Herbisida,REXSTAR 69/20 SC,PT Mitra Kreasidharma (MKD),fenoxaprop-P-ethyl 69 g/L + ethoxysulfuron 20 g/L,SC,,,1+2,,Produk MKD / artikel dan katalog 2026,MKD – situs resmi,Terverifikasi sebagian,Produk baru 2026 ditandai dari artikel/halaman produk; beberapa bahan aktif belum ditampilkan pada halaman indeks,,,,
677,Adjuvan,STILLO,PT Mitra Kreasidharma (MKD),proprietary cellulose + alcohol ethoxylated polymer,SL,,,,,Produk MKD / artikel dan katalog 2026,MKD – situs resmi,Terverifikasi sebagian,Produk baru 2026 ditandai dari artikel/halaman produk; beberapa bahan aktif belum ditampilkan pada halaman indeks,,,,
678,Fungisida,UNICAL 200/125 SC,PT Mitra Kreasidharma (MKD),,SC,,,,,Produk MKD / artikel dan katalog 2026,MKD – situs resmi,Terverifikasi sebagian,Produk baru 2026 ditandai dari artikel/halaman produk; beberapa bahan aktif belum ditampilkan pada halaman indeks,,,,
679,Insektisida,Acero 40/4 WP,PT Nufarm Indonesia,,WP,,,,,Hama tanaman,Nufarm Indonesia – laman resmi,Perlu verifikasi,Bahan aktif perlu konfirmasi label,,,,
680,Insektisida,Atabron 50 EC,PT Nufarm Indonesia,chlorfluazuron 50 g/L,EC,,15,,,Serangga/ulat,Nufarm Indonesia – laman resmi,Terverifikasi,,,,,
681,Herbisida,Atradex 550 SC,PT Nufarm Indonesia,atrazine 550 g/L,SC,,,,5,,Gulma,Nufarm Indonesia – laman resmi,Terverifikasi sebagian,,,,
682,Herbisida,Atramix 210 SC,PT Nufarm Indonesia,nicosulfuron 30 g/L + atrazine?,SC,,,,2+5,,Gulma jagung,Nufarm Indonesia – laman resmi,Perlu verifikasi,,,,
683,Insektisida,Brantas 25 EC,PT Nufarm Indonesia,lambda-cyhalothrin 25 g/L,EC,,3A,,,Serangga,Nufarm Indonesia – laman resmi,Terverifikasi sebagian,,,,,
684,Fungisida,Bumper 75 WP,PT Nufarm Indonesia,,WP,,,,,Bercak ungu Alternaria porri,Nufarm Indonesia – laman resmi,Perlu verifikasi,Bahan aktif perlu konfirmasi,,,,
685,Fungisida,Champion 77 WP,PT Nufarm Indonesia,copper hydroxide 77%,WP,,,M01,,Penyakit jamur/bakteri,Nufarm Indonesia – laman resmi,Terverifikasi,,,,,
686,Insektisida,Chepate 75 SP,PT Nufarm Indonesia,acephate 75%,SP,,1B,,,Serangga,Nufarm Indonesia – laman resmi,Terverifikasi sebagian,,,,,
687,Fungisida,Envoy 80 WP,PT Nufarm Indonesia,mancozeb + tricyclazole,WP,,,M03+16.1,,Blast padi,Nufarm Indonesia – laman resmi,Terverifikasi sebagian,Kadar perlu verifikasi,,,,
688,Insektisida,Inovate 100 EC,PT Nufarm Indonesia,deltamethrin 100 g/L,EC,,3A,,,Serangga,Nufarm Indonesia – laman resmi,Terverifikasi,,,,,
689,Insektisida,Katana 200 SC,PT Nufarm Indonesia,flubendiamide 200 g/L,SC,,28,,,Penggerek batang dan penggulung daun padi,Nufarm Indonesia – laman resmi,Terverifikasi sebagian,,,,,
690,Fungisida,Kirari 50 WG,PT Nufarm Indonesia,amisulbrom 50%,WG,,,21,,Oomycetes,Nufarm Indonesia – laman resmi,Terverifikasi,,,,,
691,Insektisida,Lugen 100 EC,PT Nufarm Indonesia,buprofezin 100 g/L,EC,,16,,,Wereng,Nufarm Indonesia – laman resmi,Terverifikasi,,,,,
692,Herbisida,Matte 70 WP,PT Nufarm Indonesia,,WP,,,,,Cynodon dactylon dan gulma lain,Nufarm Indonesia – laman resmi,Perlu verifikasi,Bahan aktif perlu konfirmasi,,,,
693,Fungisida,Microthiol 80 WG,PT Nufarm Indonesia,sulfur 80%,WG,,,M02,,Penyakit jamur,Nufarm Indonesia – laman resmi,Terverifikasi,,,,,
694,Fungisida,Moltovin 345/35 SC,PT Nufarm Indonesia,copper oxychloride/sulfate mixture,,SC,,M01,,Penyakit jamur/bakteri,Nufarm Indonesia – laman resmi,Terverifikasi sebagian,Komposisi lengkap perlu verifikasi label,,,,
695,Fungisida,Nando 500 SC,PT Nufarm Indonesia,fluazinam 500 g/L,SC,,,29,,Penyakit jamur,Nufarm Indonesia – laman resmi,Terverifikasi,,,,,
696,Insektisida,Numectin 20 EC,PT Nufarm Indonesia,abamectin,,EC,,6,,"Thrips, kutu daun, pengorok daun",Nufarm Indonesia – laman resmi,Terverifikasi sebagian,Kadar perlu verifikasi,,,,
697,Fungisida,Nuplant 722 SL,PT Nufarm Indonesia,propamocarb hydrochloride 722 g/L,SL,,,28,,Penyakit tular tanah/oomycetes,Nufarm Indonesia – laman resmi,Terverifikasi,,,,,
698,Insektisida,Oblivion 300 SC,PT Nufarm Indonesia,chlorfenapyr 180 g/L + indoxacarb 120 g/L,SC,,13+22A,,,Hama ulat,Nufarm Indonesia – laman resmi,Terverifikasi,,,,,
699,Fungisida,Penncozeb Blue 80 WP,PT Nufarm Indonesia,mancozeb 80%,WP,,,M03,,Penyakit jamur,Nufarm Indonesia – laman resmi,Terverifikasi,,,,,
700,Fungisida,Phytoklor 82.5 WG,PT Nufarm Indonesia,chlorothalonil 82.5%,WG,,,M05,,Penyakit jamur,Nufarm Indonesia – laman resmi,Terverifikasi,,,,,
701,Herbisida,Roundup Transorb,PT Nufarm Indonesia,potassium glyphosate 440 g/L,SL,,,,9,,Gulma umum,Nufarm Indonesia – laman resmi,Terverifikasi sebagian,,,,
702,Insektisida,Siklon 5.7 WG,PT Nufarm Indonesia,emamectin benzoate 5.7%,WG,,6,,,Ulat,Nufarm Indonesia – laman resmi,Terverifikasi,,,,,
703,Fungisida,Sinergy 300 EC,PT Nufarm Indonesia,difenoconazole + propiconazole,EC,,,3+3,,Penyakit jamur,Nufarm Indonesia – laman resmi,Terverifikasi sebagian,Kadar perlu verifikasi,,,,
704,Herbisida,Speedup 480 SL,PT Nufarm Indonesia,glyphosate,,SL,,9,,Gulma umum,Nufarm Indonesia – laman resmi,Terverifikasi sebagian,Kadar perlu verifikasi,,,,
705,Herbisida,Starlon 665 EC,PT Nufarm Indonesia,triclopyr BEE 665 g/L,EC,,,,4,,Gulma,Nufarm Indonesia – laman resmi,Terverifikasi sebagian,,,,
706,Fungisida,Sumilex 50 WP,PT Nufarm Indonesia,procymidone 50%,WP,,,2,,Bercak ungu/penyakit jamur,Nufarm Indonesia – laman resmi,Terverifikasi,,,,,
707,Herbisida,Sumimax 50 WP,PT Nufarm Indonesia,,WP,,,,,Gulma,Nufarm Indonesia – laman resmi,Perlu verifikasi,Bahan aktif perlu konfirmasi,,,,
708,Herbisida,Supra 615 SL,PT Nufarm Indonesia,glyphosate IPA,,SL,,9,,Gulma umum,Nufarm Indonesia – laman resmi,Terverifikasi sebagian,Kadar perlu verifikasi,,,,
709,Herbisida,Surpass 200 EC,PT Nufarm Indonesia,,EC,,,,,Gulma rumput,Nufarm Indonesia – laman resmi,Perlu verifikasi,,,,,
710,Herbisida,Terrad'or 70 WG,PT Nufarm Indonesia,tiafenacil 70%,WG,,,,14,,Gulma,Nufarm Indonesia – laman resmi,Terverifikasi sebagian,,,,
711,Fungisida,Trineb 80 WP,PT Nufarm Indonesia,maneb 80%,WP,,,M03,,Penyakit jamur,Nufarm Indonesia – laman resmi,Terverifikasi,,,,,
712,Fungisida,Vondozeb 80 WP,PT Nufarm Indonesia,mancozeb 80%,WP,,,M03,,Penyakit jamur,Nufarm Indonesia – laman resmi,Terverifikasi,,,,,
713,Insektisida,Wiper 50 EC,PT Nufarm Indonesia,abamectin 50 g/L,EC,,6,,,"Thrips, kutu daun, pengorok daun",Nufarm Indonesia – laman resmi,Terverifikasi,,,,,
714,Fungisida,Wuz 200/125 SC,PT Nufarm Indonesia,azoxystrobin 200 g/L + propiconazole 125 g/L,SC,,,11+3,,Penyakit jamur,Nufarm Indonesia – laman resmi,Terverifikasi sebagian,,,,,
715,Insektisida,Xenon 60/20 WG,PT Nufarm Indonesia,pymetrozine 60% + nitenpyram 20%,WG,,9B+4A,,,Wereng/serangga pengisap,Nufarm Indonesia – laman resmi,Terverifikasi sebagian,,,,,
716,Fungisida,Zenith 75 WP,PT Nufarm Indonesia,propineb 75%,WP,,,M03,,Penyakit jamur,Nufarm Indonesia – laman resmi,Terverifikasi,,,,,
717,Zat Pengatur Tumbuh,ATONIK 6.0 L,PT OAT MITOKU AGRIO,natrium para-nitrofenol 3 g/L; natrium orto-nitrofenol 2 g/L; natrium 5-nitroguaiakol 1 g/L,L,,,N/A - bukan fungisida,N/A - bukan herbisida,ZPT tanaman,PT OAT Mitoku Agrio – https://oatmitokuagrio.com/produk/,Terisi / terklasifikasi,Klasifikasi MoA ditambahkan berdasarkan IRAC/FRAC/HRAC; kelompok yang tidak relevan diberi N/A.,RI.01040120114108,Tercantum pada situs resmi OAT Mitoku Agrio,Tercantum di katalog resmi,PT OAT Mitoku Agrio – katalog produk resmi
718,Pupuk,METALIK,PT OAT MITOKU AGRIO,Mg; Fe; Co; Mn; Zn; B; Ni; Mo; Cu; asam organik & protein,Cair,,,N/A - bukan fungisida,N/A - bukan herbisida,Pupuk mikro,PT OAT Mitoku Agrio – https://oatmitokuagrio.com/produk/,Terisi / terklasifikasi,Klasifikasi MoA ditambahkan berdasarkan IRAC/FRAC/HRAC; kelompok yang tidak relevan diberi N/A.,044.OL/Kpts/SR.320/B/01/2020,Tercantum pada situs resmi OAT Mitoku Agrio,Tercantum di katalog resmi,PT OAT Mitoku Agrio – katalog produk resmi
719,Pupuk,Potatoru,PT OAT MITOKU AGRIO,P2O5 4%; K2O 6%; MgO; B2O3; MnO; CaO; Fe; Zn; Cu; trehalose,Cair,,,N/A - bukan fungisida,N/A - bukan herbisida,Pembesar umbi dan buah,PT OAT Mitoku Agrio – https://oatmitokuagrio.com/produk/,Terisi / terklasifikasi,Klasifikasi MoA ditambahkan berdasarkan IRAC/FRAC/HRAC; kelompok yang tidak relevan diberi N/A.,01.02.2024.1207,Tercantum pada situs resmi OAT Mitoku Agrio,Tercantum di katalog resmi,PT OAT Mitoku Agrio – katalog produk resmi
720,Pupuk,Seichofit,PT OAT MITOKU AGRIO,N; P2O5; K2O; MgO; Mn; B; glukosa; sukrosa; asam sitrat; asam suksinat; asam malat; asam tartarat; EDTA; adjuvant,Cair,,,N/A - bukan fungisida,N/A - bukan herbisida,Pupuk hara campuran,PT OAT Mitoku Agrio – https://oatmitokuagrio.com/produk/,Terisi / terklasifikasi,Klasifikasi MoA ditambahkan berdasarkan IRAC/FRAC/HRAC; kelompok yang tidak relevan diberi N/A.,01.02.2022.1801,Tercantum pada situs resmi OAT Mitoku Agrio,Tercantum di katalog resmi,PT OAT Mitoku Agrio – katalog produk resmi
721,Insektisida,Applaud 10 WP,PT Petrokimia Kayaku,buprofezin 10%,WP,,16,,,Pestisida sesuai label terdaftar,PT Petrokimia Kayaku – katalog resmi 2026,Terverifikasi,,,,,
722,Insektisida,Bassa 500 EC,PT Petrokimia Kayaku,BPMC 480 g/L,EC,,1A,,,Pestisida sesuai label terdaftar,PT Petrokimia Kayaku – katalog resmi 2026,Terverifikasi,,,,,
723,Insektisida,Ceba 125 EC,PT Petrokimia Kayaku,asetamiprid 100 g/L + abamektin 25 g/L,EC,,4A+6,,,Pestisida sesuai label terdaftar,PT Petrokimia Kayaku – katalog resmi 2026,Terverifikasi,,,,,
724,Insektisida,Diazinon 10 GR,PT Petrokimia Kayaku,diazinon 10%,GR,,1B,,,Pestisida sesuai label terdaftar,PT Petrokimia Kayaku – katalog resmi 2026,Terverifikasi,,,,,
725,Insektisida,Diazinon 600 EC,PT Petrokimia Kayaku,diazinon 600 g/L,EC,,1B,,,Pestisida sesuai label terdaftar,PT Petrokimia Kayaku – katalog resmi 2026,Terverifikasi,,,,,
726,Insektisida,Exocet 50 EC,PT Petrokimia Kayaku,sipermetrin 50 g/L,EC,,3A,,,Pestisida sesuai label terdaftar,PT Petrokimia Kayaku – katalog resmi 2026,Terverifikasi,,,,,
727,Insektisida,FENITE 150 OD,PT Petrokimia Kayaku,emamektin benzoat 75 g/L + lufenuron 75 g/L,OD,,6+15,,,Pestisida sesuai label terdaftar,PT Petrokimia Kayaku – katalog resmi 2026,Terverifikasi,,,,,
728,Insektisida,FLYTOP 250 OD,PT Petrokimia Kayaku,dinotefuran 250 g/L,OD,,4A,,,Pestisida sesuai label terdaftar,PT Petrokimia Kayaku – katalog resmi 2026,Terverifikasi,,,,,
729,Insektisida,Kamui 106 SC,PT Petrokimia Kayaku,flometoquin 106 g/L,SC,,34,,,Pestisida sesuai label terdaftar,PT Petrokimia Kayaku – katalog resmi 2026,Terverifikasi,,,,,
730,Insektisida,Kanon 400 EC,PT Petrokimia Kayaku,dimetoat 400 g/L,EC,,1B,,,Pestisida sesuai label terdaftar,PT Petrokimia Kayaku – katalog resmi 2026,Terverifikasi,,,,,
731,Insektisida,Kanon RX 100 EC,PT Petrokimia Kayaku,fosthiazate 100 g/L,EC,,1B,,,Pestisida sesuai label terdaftar,PT Petrokimia Kayaku – katalog resmi 2026,Terverifikasi,,,,,
732,Insektisida,Matros 18 EC,PT Petrokimia Kayaku,abamektin 18 g/L,EC,,6,,,Pestisida sesuai label terdaftar,PT Petrokimia Kayaku – katalog resmi 2026,Terverifikasi,,,,,
733,Insektisida,Mipcinta 50 WP,PT Petrokimia Kayaku,MIPC 50%,WP,,1A,,,Pestisida sesuai label terdaftar,PT Petrokimia Kayaku – katalog resmi 2026,Terverifikasi,,,,,
734,Insektisida,Montaf 400 SL,PT Petrokimia Kayaku,bisultap/dimehipo 400 g/L,SL,,14,,,Pestisida sesuai label terdaftar,PT Petrokimia Kayaku – katalog resmi 2026,Terverifikasi,,,,,
735,Insektisida,Petroban 200 EC,PT Petrokimia Kayaku,klorpirifos 200 g/L,EC,,1B,,,Pestisida sesuai label terdaftar,PT Petrokimia Kayaku – katalog resmi 2026,Terverifikasi,,,,,
736,Insektisida,Petrofur 3 GR,PT Petrokimia Kayaku,karbofuran 3%,GR,,1A,,,Pestisida sesuai label terdaftar,PT Petrokimia Kayaku – katalog resmi 2026,Terverifikasi,,,,,
737,Insektisida,Proksi 500 EC,PT Petrokimia Kayaku,profenofos 500 g/L,EC,,1B,,,Pestisida sesuai label terdaftar,PT Petrokimia Kayaku – katalog resmi 2026,Terverifikasi,,,,,
738,Insektisida,Radar 15 EC,PT Petrokimia Kayaku,alfametrin 15 g/L,EC,,3A,,,Pestisida sesuai label terdaftar,PT Petrokimia Kayaku – katalog resmi 2026,Terverifikasi,,,,,
739,Insektisida,Remifa 25 SP,PT Petrokimia Kayaku,nitenpiram 25%,SP,,4A,,,Pestisida sesuai label terdaftar,PT Petrokimia Kayaku – katalog resmi 2026,Terverifikasi,,,,,
740,Insektisida,Rudal 25 EC,PT Petrokimia Kayaku,lambda-sihalotrin 25 g/L,EC,,3A,,,Pestisida sesuai label terdaftar,PT Petrokimia Kayaku – katalog resmi 2026,Terverifikasi,,,,,
741,Insektisida,Sopeton 108 EC,PT Petrokimia Kayaku,sipermetrin 108 g/L,EC,,3A,,,Pestisida sesuai label terdaftar,PT Petrokimia Kayaku – katalog resmi 2026,Terverifikasi,,,,,
742,Insektisida,Starfidor 5 WP,PT Petrokimia Kayaku,imidakloprid 5%,WP,,4A,,,Pestisida sesuai label terdaftar,PT Petrokimia Kayaku – katalog resmi 2026,Terverifikasi,,,,,
743,Insektisida,Termiban 400 EC,PT Petrokimia Kayaku,klorpirifos 400 g/L,EC,,1B,,,Pestisida sesuai label terdaftar,PT Petrokimia Kayaku – katalog resmi 2026,Terverifikasi,,,,,
744,Insektisida,Tetrin 36 EC,PT Petrokimia Kayaku,alfa-sipermetrin 36 g/L,EC,,3A,,,Pestisida sesuai label terdaftar,PT Petrokimia Kayaku – katalog resmi 2026,Terverifikasi,,,,,
745,Insektisida,Tombak 189 EC,PT Petrokimia Kayaku,sipermetrin 189 g/L,EC,,3A,,,Pestisida sesuai label terdaftar,PT Petrokimia Kayaku – katalog resmi 2026,Terverifikasi,,,,,
746,Insektisida,Yanet 27 WP,PT Petrokimia Kayaku,metomil 27%,WP,,1A,,,Pestisida sesuai label terdaftar,PT Petrokimia Kayaku – katalog resmi 2026,Terverifikasi,,,,,
747,Herbisida,Amegrass 500 SC,PT Petrosida Gresik,ametrin 500 g/L,SC,,,5,,Pestisida sesuai registrasi/label,Petrosida + annual report perusahaan,Terverifikasi sebagian,Bahan aktif berasal dari annual report/katalog; cek kadar pada label terbaru,,,,
748,Herbisida,Amegrass 80 WP,PT Petrosida Gresik,ametrin 80%,WP,,,5,,Pestisida sesuai registrasi/label,Petrosida + annual report perusahaan,Terverifikasi sebagian,Bahan aktif berasal dari annual report/katalog; cek kadar pada label terbaru,,,,
749,Herbisida,Bransida 360/10 SL,PT Petrosida Gresik,glifosat IPA 360 g/L + metsulfuron-methyl 10 g/L,SL,,,9+2,,Pestisida sesuai registrasi/label,Petrosida + annual report perusahaan,Terverifikasi sebagian,Bahan aktif berasal dari annual report/katalog; cek kadar pada label terbaru,,,,
750,Herbisida,Bulma 400/150 SL,PT Petrosida Gresik,"glifosat IPA 400 g/L + 2,4-D DMA 150 g/L",SL,,,9+4,,Pestisida sesuai registrasi/label,Petrosida + annual report perusahaan,Terverifikasi sebagian,Bahan aktif berasal dari annual report/katalog; cek kadar pada label terbaru,,,,
751,Fungisida,Clarazeb 60 WP,PT Petrosida Gresik,mankozeb 60%,WP,,,M03,,Pestisida sesuai registrasi/label,Petrosida + annual report perusahaan,Terverifikasi sebagian,Bahan aktif berasal dari annual report/katalog; cek kadar pada label terbaru,,,,
752,Fungisida,Cozene 70/10 WP,PT Petrosida Gresik,mankozeb 70% + karbendazim 10%,WP,,,M03+1,,Pestisida sesuai registrasi/label,Petrosida + annual report perusahaan,Terverifikasi sebagian,Bahan aktif berasal dari annual report/katalog; cek kadar pada label terbaru,,,,
753,Herbisida,Damin 875 SL,PT Petrosida Gresik,"2,4-D DMA 875 g/L",SL,,,4,,Pestisida sesuai registrasi/label,Petrosida + annual report perusahaan,Terverifikasi sebagian,Bahan aktif berasal dari annual report/katalog; cek kadar pada label terbaru,,,,
754,Fungisida,Fenosida 255 EC,PT Petrosida Gresik,difenokonazol 255 g/L,EC,,,3,,Pestisida sesuai registrasi/label,Petrosida + annual report perusahaan,Terverifikasi sebagian,Bahan aktif berasal dari annual report/katalog; cek kadar pada label terbaru,,,,
755,Herbisida,Glymetz 240/10 SL,PT Petrosida Gresik,glifosat IPA 240 g/L + metsulfuron-methyl 10 g/L,SL,,,9+2,,Pestisida sesuai registrasi/label,Petrosida + annual report perusahaan,Terverifikasi sebagian,Bahan aktif berasal dari annual report/katalog; cek kadar pada label terbaru,,,,
756,Herbisida,Medally 20 WG,PT Petrosida Gresik,metsulfuron-methyl 20%,WG,,,2,,Pestisida sesuai registrasi/label,Petrosida + annual report perusahaan,Terverifikasi sebagian,Bahan aktif berasal dari annual report/katalog; cek kadar pada label terbaru,,,,
757,Herbisida,Metrazine 560 SC,PT Petrosida Gresik,mesotrione + atrazine 560 g/L,SC,,,27+5,,Pestisida sesuai registrasi/label,Petrosida + annual report perusahaan,Terverifikasi sebagian,Bahan aktif berasal dari annual report/katalog; cek kadar pada label terbaru,,,,
758,Herbisida,Obin 310/115 SL,PT Petrosida Gresik,"glifosat IPA 310 g/L + 2,4-D DMA 115 g/L",SL,,,9+4,,Pestisida sesuai registrasi/label,Petrosida + annual report perusahaan,Terverifikasi sebagian,Bahan aktif berasal dari annual report/katalog; cek kadar pada label terbaru,,,,
759,Fungisida,Petronil 75 WP,PT Petrosida Gresik,klorotalonil 75%,WP,,,M05,,Pestisida sesuai registrasi/label,Petrosida + annual report perusahaan,Terverifikasi sebagian,Bahan aktif berasal dari annual report/katalog; cek kadar pada label terbaru,,,,
760,Herbisida,Puddako 210 SL,PT Petrosida Gresik,amonium glufosinat 210 g/L,SL,,,10,,Pestisida sesuai registrasi/label,Petrosida + annual report perusahaan,Terverifikasi sebagian,Bahan aktif berasal dari annual report/katalog; cek kadar pada label terbaru,,,,
761,Fungisida,Satgaz 75 WP,PT Petrosida Gresik,propineb 75%,WP,,,M03,,Pestisida sesuai registrasi/label,Petrosida + annual report perusahaan,Terverifikasi sebagian,Bahan aktif berasal dari annual report/katalog; cek kadar pada label terbaru,,,,
762,Herbisida,Sidafos 480 SL,PT Petrosida Gresik,glifosat IPA 480 g/L,SL,,,9,,Pestisida sesuai registrasi/label,Petrosida + annual report perusahaan,Terverifikasi sebagian,Bahan aktif berasal dari annual report/katalog; cek kadar pada label terbaru,,,,
763,Herbisida,Sidaron 500 SC,PT Petrosida Gresik,diuron 500 g/L,SC,,,5,,Pestisida sesuai registrasi/label,Petrosida + annual report perusahaan,Terverifikasi sebagian,Bahan aktif berasal dari annual report/katalog; cek kadar pada label terbaru,,,,
764,Herbisida,Sidastar 300/100 SL,PT Petrosida Gresik,"glifosat IPA 300 g/L + 2,4-D DMA 100 g/L",SL,,,9+4,,Pestisida sesuai registrasi/label,Petrosida + annual report perusahaan,Terverifikasi sebagian,Bahan aktif berasal dari annual report/katalog; cek kadar pada label terbaru,,,,
765,Herbisida,Sidaxone 276 SL,PT Petrosida Gresik,paraquat diklorida 276 g/L,SL,,,22,,Pestisida sesuai registrasi/label,Petrosida + annual report perusahaan,Terverifikasi sebagian,Bahan aktif berasal dari annual report/katalog; cek kadar pada label terbaru,,,,
766,Fungisida,Sidazeb 80 WP,PT Petrosida Gresik,mankozeb 80%,WP,,,M03,,Pestisida sesuai registrasi/label,Petrosida + annual report perusahaan,Terverifikasi sebagian,Bahan aktif berasal dari annual report/katalog; cek kadar pada label terbaru,,,,
767,Fungisida,Sidazol 250 EC,PT Petrosida Gresik,propikonazol 250 g/L,EC,,,3,,Pestisida sesuai registrasi/label,Petrosida + annual report perusahaan,Terverifikasi sebagian,Bahan aktif berasal dari annual report/katalog; cek kadar pada label terbaru,,,,
768,Fungisida,Siodan 20 WP,PT Petrosida Gresik,simoksanil 20%,WP,,,27,,Pestisida sesuai registrasi/label,Petrosida + annual report perusahaan,Terverifikasi sebagian,Bahan aktif berasal dari annual report/katalog; cek kadar pada label terbaru,,,,
769,Herbisida,Starjos 125 EW,PT Petrosida Gresik,fenoxaprop-P-ethyl 125 g/L,EW,,,1,,Pestisida sesuai registrasi/label,Petrosida + annual report perusahaan,Terverifikasi sebagian,Bahan aktif berasal dari annual report/katalog; cek kadar pada label terbaru,,,,
770,Fungisida,Suhle 60 WP,PT Petrosida Gresik,dimetomorf 60%,WP,,,40,,Pestisida sesuai registrasi/label,Petrosida + annual report perusahaan,Terverifikasi sebagian,Bahan aktif berasal dari annual report/katalog; cek kadar pada label terbaru,,,,
771,Herbisida,Thiosida 6 GR,PT Petrosida Gresik,"thiobencarb + 2,4-D IBE",GR,,,15+4,,Pestisida sesuai registrasi/label,Petrosida + annual report perusahaan,Terverifikasi sebagian,Bahan aktif berasal dari annual report/katalog; cek kadar pada label terbaru,,,,
772,Fungisida,Topsida 75 WP,PT Petrosida Gresik,metil tiofanat 75%,WP,,,1,,Pestisida sesuai registrasi/label,Petrosida + annual report perusahaan,Terverifikasi sebagian,Bahan aktif berasal dari annual report/katalog; cek kadar pada label terbaru,,,,
773,Herbisida,Zeram 250 EC,PT Petrosida Gresik,oxyfluorfen 250 g/L,EC,,,14,,Pestisida sesuai registrasi/label,Petrosida + annual report perusahaan,Terverifikasi sebagian,Bahan aktif berasal dari annual report/katalog; cek kadar pada label terbaru,,,,
774,Insektisida,PILARAVIA 31/124 SC,PT. PILARQUIM AGROSCIENCE INDONESIA,Abamektin 31 g/L + Spirotetramat 124 g/L,SC,,6 + 23,,,Trips cabai,Registri Kementan RI / Pranatani — tarikan 19 Agustus 2026,Terisi / terklasifikasi,Klasifikasi MoA IRAC/FRAC/HRAC; N/A untuk kelompok yang tidak relevan.,01010120217159,Tercatat pada registri Kementan (tarikan 19 Agustus 2026),Status peredaran tidak disimpulkan dari registri,Kementerian Pertanian RI / Pranatani
775,Insektisida,PILARBIT 27/102 SC,PT. PILARQUIM AGROSCIENCE INDONESIA,Tiametoksam 102 g/L + Deltametrin 27 g/L,SC,,4A + 3A,,,Kutu daun persik cabai,Registri Kementan RI / Pranatani — tarikan 19 Agustus 2026,Terisi / terklasifikasi,Klasifikasi MoA IRAC/FRAC/HRAC; N/A untuk kelompok yang tidak relevan.,01010120227343,Tercatat pada registri Kementan (tarikan 19 Agustus 2026),Status peredaran tidak disimpulkan dari registri,Kementerian Pertanian RI / Pranatani
776,Insektisida,PILARBOMBA 53/106 SC,PT. PILARQUIM AGROSCIENCE INDONESIA,Lufenuron 53 g/L + Tolfenpyrad 106 g/L,SC,,15 + 21A,,,Trips bawang,Registri Kementan RI / Pranatani — tarikan 19 Agustus 2026,Terisi / terklasifikasi,Klasifikasi MoA IRAC/FRAC/HRAC; N/A untuk kelompok yang tidak relevan.,01010120238042,Tercatat pada registri Kementan (tarikan 19 Agustus 2026),Status peredaran tidak disimpulkan dari registri,Kementerian Pertanian RI / Pranatani
777,Fungisida,PILARCABRIO 55/5 WG,PT. PILARQUIM AGROSCIENCE INDONESIA,Metiram 55% + Piraklostrobin 5%,WG,,,M03 + 11,,Hawar daun kentang,Registri Kementan RI / Pranatani — tarikan 19 Agustus 2026,Terisi / terklasifikasi,Klasifikasi MoA IRAC/FRAC/HRAC; N/A untuk kelompok yang tidak relevan.,01020120227687,Tercatat pada registri Kementan (tarikan 19 Agustus 2026),Status peredaran tidak disimpulkan dari registri,Kementerian Pertanian RI / Pranatani
778,Insektisida,PILARCHESS 60 WG,PT. PILARQUIM AGROSCIENCE INDONESIA,Pimetrozin 60%,WG,,9B,,,Hama pengisap,Registri Kementan RI / Pranatani — tarikan 19 Agustus 2026,Terisi / terklasifikasi,Klasifikasi MoA IRAC/FRAC/HRAC; N/A untuk kelompok yang tidak relevan.,01010120227688,Tercatat pada registri Kementan (tarikan 19 Agustus 2026),Status peredaran tidak disimpulkan dari registri,Kementerian Pertanian RI / Pranatani
779,Herbisida,PILARCLEAR 32/318 ZC,PT. PILARQUIM AGROSCIENCE INDONESIA,Flumioxazin 32 g/L + S-metolaklor 318 g/L,ZC,,,,14 + 15,Gulma bawang merah,Registri Kementan RI / Pranatani — tarikan 19 Agustus 2026,Terisi / terklasifikasi,Klasifikasi MoA IRAC/FRAC/HRAC; N/A untuk kelompok yang tidak relevan.,01030120238183,Tercatat pada registri Kementan (tarikan 19 Agustus 2026),Status peredaran tidak disimpulkan dari registri,Kementerian Pertanian RI / Pranatani
780,Fungisida,PILARCOBRE 545 SC,PT. PILARQUIM AGROSCIENCE INDONESIA,Tembaga hidroksida 545 g/L,SC,,,M01,,Hawar daun bakteri padi,Registri Kementan RI / Pranatani — tarikan 19 Agustus 2026,Terisi / terklasifikasi,Klasifikasi MoA IRAC/FRAC/HRAC; N/A untuk kelompok yang tidak relevan.,01060120238184,Tercatat pada registri Kementan (tarikan 19 Agustus 2026),Status peredaran tidak disimpulkan dari registri,Kementerian Pertanian RI / Pranatani
781,Herbisida,PILARCOVER 286/32 CS,PT. PILARQUIM AGROSCIENCE INDONESIA,Butaklor 286 g/L + Oksadiargil 32 g/L,CS,,,,15 + 14,Gulma padi,Registri Kementan RI / Pranatani — tarikan 19 Agustus 2026,Terisi / terklasifikasi,Klasifikasi MoA IRAC/FRAC/HRAC; N/A untuk kelompok yang tidak relevan.,01030120227344,Tercatat pada registri Kementan (tarikan 19 Agustus 2026),Status peredaran tidak disimpulkan dari registri,Kementerian Pertanian RI / Pranatani
782,Insektisida,PILAREG 105 SC,PT. PILARQUIM AGROSCIENCE INDONESIA,Lufenuron 105 g/L,SC,,15,,,Penggerek polong kedelai,Registri Kementan RI / Pranatani — tarikan 19 Agustus 2026,Terisi / terklasifikasi,Klasifikasi MoA IRAC/FRAC/HRAC; N/A untuk kelompok yang tidak relevan.,01010120227345,Tercatat pada registri Kementan (tarikan 19 Agustus 2026),Status peredaran tidak disimpulkan dari registri,Kementerian Pertanian RI / Pranatani
783,Insektisida,PILARFEND 100/50 ZC,PT. PILARQUIM AGROSCIENCE INDONESIA,Klorantraniliprol 100 g/L + Lamda Sihalotrin 50 g/L,ZC,,28 + 3A,,,Pengorok daun bawang,Registri Kementan RI / Pranatani — tarikan 19 Agustus 2026,Terisi / terklasifikasi,Klasifikasi MoA IRAC/FRAC/HRAC; N/A untuk kelompok yang tidak relevan.,01010120258979,Tercatat pada registri Kementan (tarikan 19 Agustus 2026),Status peredaran tidak disimpulkan dari registri,Kementerian Pertanian RI / Pranatani
784,Insektisida,PILARFIN 81/101 OD,PT. PILARQUIM AGROSCIENCE INDONESIA,Asetamiprid 81 g/L + Flonicamid 101 g/L,OD,,4A + 29,,,Kutu daun persik cabai,Registri Kementan RI / Pranatani — tarikan 19 Agustus 2026,Terisi / terklasifikasi,Klasifikasi MoA IRAC/FRAC/HRAC; N/A untuk kelompok yang tidak relevan.,01010120269437,Tercatat pada registri Kementan (tarikan 19 Agustus 2026),Status peredaran tidak disimpulkan dari registri,Kementerian Pertanian RI / Pranatani
785,Insektisida,PILARFLAM 200 SC,PT. PILARQUIM AGROSCIENCE INDONESIA,Klorantraniliprol 200 g/L,SC,,28,,,Penggerek batang padi,Registri Kementan RI / Pranatani — tarikan 19 Agustus 2026,Terisi / terklasifikasi,Klasifikasi MoA IRAC/FRAC/HRAC; N/A untuk kelompok yang tidak relevan.,01010120269623,Tercatat pada registri Kementan (tarikan 19 Agustus 2026),Status peredaran tidak disimpulkan dari registri,Kementerian Pertanian RI / Pranatani
786,Herbisida,PILARGOLA 400 SC,PT. PILARQUIM AGROSCIENCE INDONESIA,Oksifluorfen 400 g/L,SC,,,,14,Gulma bawang merah,Registri Kementan RI / Pranatani — tarikan 19 Agustus 2026,Terisi / terklasifikasi,Klasifikasi MoA IRAC/FRAC/HRAC; N/A untuk kelompok yang tidak relevan.,01030120217075,Tercatat pada registri Kementan (tarikan 19 Agustus 2026),Status peredaran tidak disimpulkan dari registri,Kementerian Pertanian RI / Pranatani
787,Herbisida,PILARGOLD 480 CS,PT. PILARQUIM AGROSCIENCE INDONESIA,S-metolaklor 480 g/L,CS,,,,15,Gulma jagung,Registri Kementan RI / Pranatani — tarikan 19 Agustus 2026,Terisi / terklasifikasi,Klasifikasi MoA IRAC/FRAC/HRAC; N/A untuk kelompok yang tidak relevan.,01030120206964,Tercatat pada registri Kementan (tarikan 19 Agustus 2026),Status peredaran tidak disimpulkan dari registri,Kementerian Pertanian RI / Pranatani
788,Zat Pengatur Tumbuh,PILARGROW 0.03/4.97 SL,PT. PILARQUIM AGROSCIENCE INDONESIA,"28-Homobrassinolide 0,03 g/L + Asam giberelat (A4+A7) 4,97 g/L",SL,,,,,Pengatur tumbuh padi,Registri Kementan RI / Pranatani — tarikan 19 Agustus 2026,Terisi / terklasifikasi,Klasifikasi MoA IRAC/FRAC/HRAC; N/A untuk kelompok yang tidak relevan.,01040120248674,Tercatat pada registri Kementan (tarikan 19 Agustus 2026),Status peredaran tidak disimpulkan dari registri,Kementerian Pertanian RI / Pranatani
789,Fungisida,PILARICH 720 SC,PT. PILARQUIM AGROSCIENCE INDONESIA,Klorotalonil 720 g/L,SC,,,M05,,Hawar daun kentang,Registri Kementan RI / Pranatani — tarikan 19 Agustus 2026,Terisi / terklasifikasi,Klasifikasi MoA IRAC/FRAC/HRAC; N/A untuk kelompok yang tidak relevan.,01020120227570,Tercatat pada registri Kementan (tarikan 19 Agustus 2026),Status peredaran tidak disimpulkan dari registri,Kementerian Pertanian RI / Pranatani
790,Insektisida,PILARMD 250 CS,PT. PILARQUIM AGROSCIENCE INDONESIA,Lamda Sihalotrin 250 g/L,CS,,3A,,,Penggerek buah jagung,Registri Kementan RI / Pranatani — tarikan 19 Agustus 2026,Terisi / terklasifikasi,Klasifikasi MoA IRAC/FRAC/HRAC; N/A untuk kelompok yang tidak relevan.,01010120217076,Tercatat pada registri Kementan (tarikan 19 Agustus 2026),Status peredaran tidak disimpulkan dari registri,Kementerian Pertanian RI / Pranatani
791,Insektisida,PILARMECTIN 53 CS,PT. PILARQUIM AGROSCIENCE INDONESIA,Abamektin 53 g/L,CS,,6,,,Pengorok daun bawang,Registri Kementan RI / Pranatani — tarikan 19 Agustus 2026,Terisi / terklasifikasi,Klasifikasi MoA IRAC/FRAC/HRAC; N/A untuk kelompok yang tidak relevan.,01010120227689,Tercatat pada registri Kementan (tarikan 19 Agustus 2026),Status peredaran tidak disimpulkan dari registri,Kementerian Pertanian RI / Pranatani
792,Fungisida,PILAROCK 250 EC,PT. PILARQUIM AGROSCIENCE INDONESIA,Piraklostrobin 250 g/L,EC,,,11,,Bercak ungu bawang merah,Registri Kementan RI / Pranatani — tarikan 19 Agustus 2026,Terisi / terklasifikasi,Klasifikasi MoA IRAC/FRAC/HRAC; N/A untuk kelompok yang tidak relevan.,01020120238185,Tercatat pada registri Kementan (tarikan 19 Agustus 2026),Status peredaran tidak disimpulkan dari registri,Kementerian Pertanian RI / Pranatani
793,Herbisida,PILARSPIRIT 20/147 OD,PT. PILARQUIM AGROSCIENCE INDONESIA,Penoksulam 20 g/L + Butil Sihalofop 147 g/L,OD,,,,2 + 1,Gulma padi,Registri Kementan RI / Pranatani — tarikan 19 Agustus 2026,Terisi / terklasifikasi,Klasifikasi MoA IRAC/FRAC/HRAC; N/A untuk kelompok yang tidak relevan.,01030120227346,Tercatat pada registri Kementan (tarikan 19 Agustus 2026),Status peredaran tidak disimpulkan dari registri,Kementerian Pertanian RI / Pranatani
794,Herbisida,PILARSTAR ULTRA 600 SL,PT. PILARQUIM AGROSCIENCE INDONESIA,Amonium Glufosinat 600 g/L,SL,,,,10,Gulma kelapa sawit,Registri Kementan RI / Pranatani — tarikan 19 Agustus 2026,Terisi / terklasifikasi,Klasifikasi MoA IRAC/FRAC/HRAC; N/A untuk kelompok yang tidak relevan.,01030120238043,Tercatat pada registri Kementan (tarikan 19 Agustus 2026),Status peredaran tidak disimpulkan dari registri,Kementerian Pertanian RI / Pranatani
795,Herbisida,PILARSTOP 450 CS,PT. PILARQUIM AGROSCIENCE INDONESIA,Pendimetalin 450 g/L,CS,,,,3,Gulma,Registri Kementan RI / Pranatani — tarikan 19 Agustus 2026,Terisi / terklasifikasi,Klasifikasi MoA IRAC/FRAC/HRAC; N/A untuk kelompok yang tidak relevan.,01030120269624,Tercatat pada registri Kementan (tarikan 19 Agustus 2026),Status peredaran tidak disimpulkan dari registri,Kementerian Pertanian RI / Pranatani
796,Fungisida,PILARTEBU 430 SC,PT. PILARQUIM AGROSCIENCE INDONESIA,Tebukonazol 430 g/L,SC,,,3,,Bercak ungu bawang merah,Registri Kementan RI / Pranatani — tarikan 19 Agustus 2026,Terisi / terklasifikasi,Klasifikasi MoA IRAC/FRAC/HRAC; N/A untuk kelompok yang tidak relevan.,01020120238044,Tercatat pada registri Kementan (tarikan 19 Agustus 2026),Status peredaran tidak disimpulkan dari registri,Kementerian Pertanian RI / Pranatani
797,Fungisida,PILARTEP 115/230 SC,PT. PILARQUIM AGROSCIENCE INDONESIA,Piraklostrobin 115 g/L + Tebukonazol 230 g/L,SC,,,11 + 3,,Hawar daun jagung,Registri Kementan RI / Pranatani — tarikan 19 Agustus 2026,Terisi / terklasifikasi,Klasifikasi MoA IRAC/FRAC/HRAC; N/A untuk kelompok yang tidak relevan.,01020120217160,Tercatat pada registri Kementan (tarikan 19 Agustus 2026),Status peredaran tidak disimpulkan dari registri,Kementerian Pertanian RI / Pranatani
798,Insektisida,PILARTRUST 100 SC,PT. PILARQUIM AGROSCIENCE INDONESIA,Spinosad 100 g/L,SC,,5,,,Pengorok daun bawang,Registri Kementan RI / Pranatani — tarikan 19 Agustus 2026,Terisi / terklasifikasi,Klasifikasi MoA IRAC/FRAC/HRAC; N/A untuk kelompok yang tidak relevan.,01010120238045,Tercatat pada registri Kementan (tarikan 19 Agustus 2026),Status peredaran tidak disimpulkan dari registri,Kementerian Pertanian RI / Pranatani
799,Insektisida,PILARVICTOR 80/80 ZC,PT. PILARQUIM AGROSCIENCE INDONESIA,Lamda Sihalotrin 80 g/L + Lufenuron 80 g/L,ZC,,3A + 15,,,Ulat grayak jagung,Registri Kementan RI / Pranatani — tarikan 19 Agustus 2026,Terisi / terklasifikasi,Klasifikasi MoA IRAC/FRAC/HRAC; N/A untuk kelompok yang tidak relevan.,01010120258980,Tercatat pada registri Kementan (tarikan 19 Agustus 2026),Status peredaran tidak disimpulkan dari registri,Kementerian Pertanian RI / Pranatani
800,Fungisida,PILARVIGO 320/46 LS,PT. PILARQUIM AGROSCIENCE INDONESIA,Himeksazol 320 g/L + Metalaksil-M 46 g/L,LS,,,32 + 4,,Rebah semai cabai,Registri Kementan RI / Pranatani — tarikan 19 Agustus 2026,Terisi / terklasifikasi,Klasifikasi MoA IRAC/FRAC/HRAC; N/A untuk kelompok yang tidak relevan.,01020120259265,Tercatat pada registri Kementan (tarikan 19 Agustus 2026),Status peredaran tidak disimpulkan dari registri,Kementerian Pertanian RI / Pranatani
801,Fungisida,PILARVIVA 170/170 SC,PT. PILARQUIM AGROSCIENCE INDONESIA,Piraklostrobin 170 g/L + Protiokonazol 170 g/L,SC,,,11 + 3,,Bercak ungu bawang merah,Registri Kementan RI / Pranatani — tarikan 19 Agustus 2026,Terisi / terklasifikasi,Klasifikasi MoA IRAC/FRAC/HRAC; N/A untuk kelompok yang tidak relevan.,01020120259266,Tercatat pada registri Kementan (tarikan 19 Agustus 2026),Status peredaran tidak disimpulkan dari registri,Kementerian Pertanian RI / Pranatani
802,Fungisida,PILARWIN 112/168 ZC,PT. PILARQUIM AGROSCIENCE INDONESIA,Fenoksanil 112 g/L + Prokloraz 168 g/L,ZC,,,16 + 3,,Blas padi,Registri Kementan RI / Pranatani — tarikan 19 Agustus 2026,Terisi / terklasifikasi,Klasifikasi MoA IRAC/FRAC/HRAC; N/A untuk kelompok yang tidak relevan.,01020120227690,Tercatat pada registri Kementan (tarikan 19 Agustus 2026),Status peredaran tidak disimpulkan dari registri,Kementerian Pertanian RI / Pranatani
803,Fungisida,PILARZOX 85/170 SC,PT. PILARQUIM AGROSCIENCE INDONESIA,Siazofamid 85 g/L + Simoksanil 170 g/L,SC,,,21 + 27,,Busuk pangkal batang cabai,Registri Kementan RI / Pranatani — tarikan 19 Agustus 2026,Terisi / terklasifikasi,Klasifikasi MoA IRAC/FRAC/HRAC; N/A untuk kelompok yang tidak relevan.,01020120217078,Tercatat pada registri Kementan (tarikan 19 Agustus 2026),Status peredaran tidak disimpulkan dari registri,Kementerian Pertanian RI / Pranatani
804,Insektisida,METOAT 400 EC,PT Prima Karya Berjaya,dimetoat 400 g/L,EC,,1B,,,Serangga pengisap/pengunyah,Registri/web terindeks,Terverifikasi sebagian,Nomor pendaftaran teridentifikasi; kemasan perlu verifikasi,,,,
805,Fungisida,Omni-Col 70 WP,PT Prima Karya Berjaya,Propineb 70%,WP,Tidak ditemukan pada sumber yang diverifikasi,N/A - bukan insektisida,M03,N/A - bukan herbisida,bercak daun; antraknosa; hawar,Master sebelumnya (PDF yang diunggah) | MoA diperbarui 23-09-2026,Terisi / terklasifikasi,IRAC/FRAC diperbarui berdasarkan klasifikasi MoA; N/A berarti kelompok tersebut tidak relevan untuk kategori produk.,,,,
806,Insektisida,Otello 200 EC,PT Prima Karya Berjaya,Klorfenapir 200 g/L,EC,Tidak ditemukan pada sumber yang diverifikasi,13,N/A - bukan fungisida,N/A - bukan herbisida,thrips; ulat; tungau,Master sebelumnya (PDF yang diunggah) | MoA diperbarui 23-09-2026,Terisi / terklasifikasi,IRAC/FRAC diperbarui berdasarkan klasifikasi MoA; N/A berarti kelompok tersebut tidak relevan untuk kategori produk.,,,,
807,Insektisida,PRIMA-ACE 75 SP,PT Prima Karya Berjaya,asefat 75%,SP,,1B,,,Serangga,Data perdagangan/registri terindeks,Terverifikasi sebagian,,,,,
808,Herbisida,Prima-Care 480 EC,PT Prima Karya Berjaya,Fluroksipir MHE 480 g/L,EC,Tidak ditemukan pada sumber yang diverifikasi,N/A - bukan insektisida,N/A - bukan fungisida,4,gulma daun lebar,Master sebelumnya (PDF yang diunggah) | MoA diperbarui 23-09-2026,Terisi / terklasifikasi,IRAC/FRAC diperbarui berdasarkan klasifikasi MoA; N/A berarti kelompok tersebut tidak relevan untuk kategori produk.,,,,
809,Insektisida,Prima-Cel 18 EC,PT Prima Karya Berjaya,Abamektin 18 g/L,EC,Tidak ditemukan pada sumber yang diverifikasi,6,N/A - bukan fungisida,N/A - bukan herbisida,thrips; tungau; pengorok daun,Master sebelumnya (PDF yang diunggah) | MoA diperbarui 23-09-2026,Terisi / terklasifikasi,IRAC/FRAC diperbarui berdasarkan klasifikasi MoA; N/A berarti kelompok tersebut tidak relevan untuk kategori produk.,,,,
810,Insektisida,Prima-FAW 50 EC,PT Prima Karya Berjaya,Emamektin benzoat 50 g/L,EC,Tidak ditemukan pada sumber yang diverifikasi,6,N/A - bukan fungisida,N/A - bukan herbisida,ulat; ulat grayak; ulat buah,Master sebelumnya (PDF yang diunggah) | MoA diperbarui 23-09-2026,Terisi / terklasifikasi,IRAC/FRAC diperbarui berdasarkan klasifikasi MoA; N/A berarti kelompok tersebut tidak relevan untuk kategori produk.,,,,
811,Herbisida,Prima-Furon 20 WG,PT Prima Karya Berjaya,Metil metsulfuron 20%,WG,5 g; 250 g; 500 g,N/A - bukan insektisida,N/A - bukan fungisida,2,gulma daun lebar; beberapa gulma berdaun sempit,Master sebelumnya (PDF yang diunggah) | MoA diperbarui 23-09-2026,Terisi / terklasifikasi,IRAC/FRAC diperbarui berdasarkan klasifikasi MoA; N/A berarti kelompok tersebut tidak relevan untuk kategori produk.,,,,
812,Herbisida,Prima-Guard 480 EC,PT Prima Karya Berjaya,Triklopir BEE 480 g/L,EC,Tidak ditemukan pada sumber yang diverifikasi,N/A - bukan insektisida,N/A - bukan fungisida,4,gulma daun lebar berkayu; gulma berdaun lebar,Master sebelumnya (PDF yang diunggah) | MoA diperbarui 23-09-2026,Terisi / terklasifikasi,IRAC/FRAC diperbarui berdasarkan klasifikasi MoA; N/A berarti kelompok tersebut tidak relevan untuk kategori produk.,,,,
813,Fungisida,PRIMA-KING 80 WP,PT Prima Karya Berjaya,mankozeb 80%,WP,,,M03,,Penyakit jamur,Katalog/registri web,Perlu verifikasi,Nama produk perlu dicek kembali terhadap registri primer,,,,
814,Herbisida,PRIMA-KUAT,PT Prima Karya Berjaya,paraquat diklorida,SL,,,,22,,Gulma umum,Dokumen Putusan Pengadilan Pajak + registri,Terverifikasi sebagian,,,,
815,Herbisida,Prima-Kuat 276 SL,PT Prima Karya Berjaya,Parakuat diklorida 276 g/L,SL,Tidak ditemukan pada sumber yang diverifikasi,N/A - bukan insektisida,N/A - bukan fungisida,22,gulma daun lebar; gulma rumput,Master sebelumnya (PDF yang diunggah) | MoA diperbarui 23-09-2026,Terisi / terklasifikasi,IRAC/FRAC diperbarui berdasarkan klasifikasi MoA; N/A berarti kelompok tersebut tidak relevan untuk kategori produk.,,,,
816,Herbisida,Prima-Lima 555 SL,PT Prima Karya Berjaya,IPA glifosat 555 g/L,SL,500 ml; 1 L; 4 L; 5 L; 20 L,N/A - bukan insektisida,N/A - bukan fungisida,9,gulma rumput; gulma daun lebar; teki,Master sebelumnya (PDF yang diunggah) | MoA diperbarui 23-09-2026,Terisi / terklasifikasi,IRAC/FRAC diperbarui berdasarkan klasifikasi MoA; N/A berarti kelompok tersebut tidak relevan untuk kategori produk.,,,,
817,Insektisida,Prima-Net 40 WP,PT Prima Karya Berjaya,Metomil 40%,WP,100 g; 200 g; 400 g,1A,N/A - bukan fungisida,N/A - bukan herbisida,ulat; thrips; kutu,Master sebelumnya (PDF yang diunggah) | MoA diperbarui 23-09-2026,Terisi / terklasifikasi,IRAC/FRAC diperbarui berdasarkan klasifikasi MoA; N/A berarti kelompok tersebut tidak relevan untuk kategori produk.,,,,
818,Insektisida,PRIMA-TION 500 EC,PT Prima Karya Berjaya,malation 500 g/L,EC,,1B,,,Lalat buah (Bactrocera dorsalis) pada jeruk,Unpad – kerja sama uji efikasi 2026,Terverifikasi sebagian,Komposisi 500 EC perlu dikonfirmasi ke label resmi,,,,
819,Herbisida,AZOCHLOR 120/32/320 SE,PT. RABANA AGRO RESOURCES,,,,,,,,PT Rabana Agro Resources – registri Kementan/Pranatani + katalog resmi,Belum diklasifikasikan,Nama dan nomor pendaftaran diambil dari registri; bahan aktif akan dilengkapi setelah verifikasi label/registri detail.,01030120248453,Tercatat dalam registri Kementan; cek label terbaru untuk status edar,,PT Rabana Agro Resources – registri Kementan/Pranatani + katalog resmi
820,Biostimulan / Pupuk,BIOLEAF,PT. RABANA AGRO RESOURCES,Campuran pupuk organik & nutrisi tanaman,Cair,,,,,Nutrisi tanaman,Katalog resmi PT Rabana Agro Resources,Belum diklasifikasikan,Produk tercantum pada katalog resmi; kadar/nomor registrasi tidak ditebak bila tidak ditampilkan pada halaman katalog.,,Belum diverifikasi dari label,,Katalog resmi PT Rabana Agro Resources
821,Insektisida,Bulfidor 300 SC,PT. RABANA AGRO RESOURCES,,,,,,,,PT Rabana Agro Resources – registri Kementan/Pranatani + katalog resmi,Belum diklasifikasikan,Nama dan nomor pendaftaran diambil dari registri; bahan aktif akan dilengkapi setelah verifikasi label/registri detail.,01010120124213,Tercatat dalam registri Kementan; cek label terbaru untuk status edar,,PT Rabana Agro Resources – registri Kementan/Pranatani + katalog resmi
822,Fungisida,Cardil 430 SC,PT. RABANA AGRO RESOURCES,,,,,,,,PT Rabana Agro Resources – registri Kementan/Pranatani + katalog resmi,Belum diklasifikasikan,Nama dan nomor pendaftaran diambil dari registri; bahan aktif akan dilengkapi setelah verifikasi label/registri detail.,01020120186211,Tercatat dalam registri Kementan; cek label terbaru untuk status edar,,PT Rabana Agro Resources – registri Kementan/Pranatani + katalog resmi
823,Herbisida,Cymax 100 OD,PT. RABANA AGRO RESOURCES,,,,,,,,PT Rabana Agro Resources – registri Kementan/Pranatani + katalog resmi,Belum diklasifikasikan,Nama dan nomor pendaftaran diambil dari registri; bahan aktif akan dilengkapi setelah verifikasi label/registri detail.,01030120186176,Tercatat dalam registri Kementan; cek label terbaru untuk status edar,,PT Rabana Agro Resources – registri Kementan/Pranatani + katalog resmi
824,Insektisida,Emma 22 EC,PT. RABANA AGRO RESOURCES,,,,,,,,PT Rabana Agro Resources – registri Kementan/Pranatani + katalog resmi,Belum diklasifikasikan,Nama dan nomor pendaftaran diambil dari registri; bahan aktif akan dilengkapi setelah verifikasi label/registri detail.,01010120093332,Tercatat dalam registri Kementan; cek label terbaru untuk status edar,,PT Rabana Agro Resources – registri Kementan/Pranatani + katalog resmi
825,Herbisida,FARM UP 480 SL,PT. RABANA AGRO RESOURCES,,,,,,,,PT Rabana Agro Resources – registri Kementan/Pranatani + katalog resmi,Belum diklasifikasikan,Nama dan nomor pendaftaran diambil dari registri; bahan aktif akan dilengkapi setelah verifikasi label/registri detail.,01030120103734,Tercatat dalam registri Kementan; cek label terbaru untuk status edar,,PT Rabana Agro Resources – registri Kementan/Pranatani + katalog resmi
826,Herbisida,Galelo 200 SL,PT. RABANA AGRO RESOURCES,,,,,,,,PT Rabana Agro Resources – registri Kementan/Pranatani + katalog resmi,Belum diklasifikasikan,Nama dan nomor pendaftaran diambil dari registri; bahan aktif akan dilengkapi setelah verifikasi label/registri detail.,01030120175899,Tercatat dalam registri Kementan; cek label terbaru untuk status edar,,PT Rabana Agro Resources – registri Kementan/Pranatani + katalog resmi
827,Zat Pengatur Tumbuh,GIBRIL 20 TB,PT. RABANA AGRO RESOURCES,,,,,,,,PT Rabana Agro Resources – registri Kementan/Pranatani + katalog resmi,Belum diklasifikasikan,Nama dan nomor pendaftaran diambil dari registri; bahan aktif akan dilengkapi setelah verifikasi label/registri detail.,01040120113894,Tercatat dalam registri Kementan; cek label terbaru untuk status edar,,PT Rabana Agro Resources – registri Kementan/Pranatani + katalog resmi
828,Lain-lain,Lentra 200 SL,PT. RABANA AGRO RESOURCES,,,,,,,,PT Rabana Agro Resources – registri Kementan/Pranatani + katalog resmi,Belum diklasifikasikan,Nama dan nomor pendaftaran diambil dari registri; bahan aktif akan dilengkapi setelah verifikasi label/registri detail.,04110120072773,Tercatat dalam registri Kementan; cek label terbaru untuk status edar,,PT Rabana Agro Resources – registri Kementan/Pranatani + katalog resmi
829,Herbisida,Mega 9 865 SL,PT. RABANA AGRO RESOURCES,,,,,,,,PT Rabana Agro Resources – registri Kementan/Pranatani + katalog resmi,Belum diklasifikasikan,Nama dan nomor pendaftaran diambil dari registri; bahan aktif akan dilengkapi setelah verifikasi label/registri detail.,01030120072778,Tercatat dalam registri Kementan; cek label terbaru untuk status edar,,PT Rabana Agro Resources – registri Kementan/Pranatani + katalog resmi
830,Adjuvan,NEW NETRON 700 SL,PT. RABANA AGRO RESOURCES,Bahan pembasah/perata/perekat (komposisi rinci perlu verifikasi label),SL,,,,,"Membantu penetrasi, meratakan dan merekatkan larutan semprot",Katalog resmi PT Rabana Agro Resources,Belum diklasifikasikan,Produk tercantum pada katalog resmi; kadar/nomor registrasi tidak ditebak bila tidak ditampilkan pada halaman katalog.,,Belum diverifikasi dari label,,Katalog resmi PT Rabana Agro Resources
831,Moluskisida,NICLOSAN 250 EC,PT. RABANA AGRO RESOURCES,,,,,,,,PT Rabana Agro Resources – registri Kementan/Pranatani + katalog resmi,Belum diklasifikasikan,Nama dan nomor pendaftaran diambil dari registri; bahan aktif akan dilengkapi setelah verifikasi label/registri detail.,01050120093358,Tercatat dalam registri Kementan; cek label terbaru untuk status edar,,PT Rabana Agro Resources – registri Kementan/Pranatani + katalog resmi
832,Herbisida,PARANOX 276 SL,PT. RABANA AGRO RESOURCES,,,,,,,,PT Rabana Agro Resources – registri Kementan/Pranatani + katalog resmi,Belum diklasifikasikan,Nama dan nomor pendaftaran diambil dari registri; bahan aktif akan dilengkapi setelah verifikasi label/registri detail.,01030120113985,Tercatat dalam registri Kementan; cek label terbaru untuk status edar,,PT Rabana Agro Resources – registri Kementan/Pranatani + katalog resmi
833,Herbisida,PYPER 100 SC,PT. RABANA AGRO RESOURCES,,,,,,,,PT Rabana Agro Resources – registri Kementan/Pranatani + katalog resmi,Belum diklasifikasikan,Nama dan nomor pendaftaran diambil dari registri; bahan aktif akan dilengkapi setelah verifikasi label/registri detail.,01030120155177,Tercatat dalam registri Kementan; cek label terbaru untuk status edar,,PT Rabana Agro Resources – registri Kementan/Pranatani + katalog resmi
834,Fungisida,RABAN 80 WP,PT. RABANA AGRO RESOURCES,,,,,,,,PT Rabana Agro Resources – registri Kementan/Pranatani + katalog resmi,Belum diklasifikasikan,Nama dan nomor pendaftaran diambil dari registri; bahan aktif akan dilengkapi setelah verifikasi label/registri detail.,01020120093481,Tercatat dalam registri Kementan; cek label terbaru untuk status edar,,PT Rabana Agro Resources – registri Kementan/Pranatani + katalog resmi
835,Pupuk/biostimulan,RabanaSil,PT. RABANA AGRO RESOURCES,Silika + Magnesium,Padat,,,,,Pembenah tanah; menaikkan pH dan mendukung pertumbuhan,Katalog resmi PT Rabana Agro Resources,Belum diklasifikasikan,Produk tercantum pada katalog resmi; kadar/nomor registrasi tidak ditebak bila tidak ditampilkan pada halaman katalog.,,Belum diverifikasi dari label,,Katalog resmi PT Rabana Agro Resources
836,Biostimulan / Pupuk,RabanaSol,PT. RABANA AGRO RESOURCES,Pupuk lengkap larut air + mikro EDTA chelated,Cair,,,,,Nutrisi tanaman,Katalog resmi PT Rabana Agro Resources,Belum diklasifikasikan,Produk tercantum pada katalog resmi; kadar/nomor registrasi tidak ditebak bila tidak ditampilkan pada halaman katalog.,,Belum diverifikasi dari label,,Katalog resmi PT Rabana Agro Resources
837,Insektisida,RHENOS 36 EC,PT. RABANA AGRO RESOURCES,,,,,,,,PT Rabana Agro Resources – registri Kementan/Pranatani + katalog resmi,Belum diklasifikasikan,Nama dan nomor pendaftaran diambil dari registri; bahan aktif akan dilengkapi setelah verifikasi label/registri detail.,01010120175709,Tercatat dalam registri Kementan; cek label terbaru untuk status edar,,PT Rabana Agro Resources – registri Kementan/Pranatani + katalog resmi
838,Insektisida,RONSHA 500/50 EC,PT. RABANA AGRO RESOURCES,,,,,,,,PT Rabana Agro Resources – registri Kementan/Pranatani + katalog resmi,Belum diklasifikasikan,Nama dan nomor pendaftaran diambil dari registri; bahan aktif akan dilengkapi setelah verifikasi label/registri detail.,01010120093490,Tercatat dalam registri Kementan; cek label terbaru untuk status edar,,PT Rabana Agro Resources – registri Kementan/Pranatani + katalog resmi
839,Insektisida,THIOXAM 4/50 WP,PT. RABANA AGRO RESOURCES,,,,,,,,PT Rabana Agro Resources – registri Kementan/Pranatani + katalog resmi,Belum diklasifikasikan,Nama dan nomor pendaftaran diambil dari registri; bahan aktif akan dilengkapi setelah verifikasi label/registri detail.,01010120165468,Tercatat dalam registri Kementan; cek label terbaru untuk status edar,,PT Rabana Agro Resources – registri Kementan/Pranatani + katalog resmi
840,Herbisida,Aminax 865 SL,PT Rainbow Agrosciences,"2,4-D dimethylamine 865 g/L",SL,,,,4,,Gulma daun lebar,Registri/web terindeks,Perlu verifikasi,,,,
841,Herbisida,Bastnate 200 SL,PT Rainbow Agrosciences,,SL,,,,,Gulma,Registri/web terindeks,Perlu verifikasi,Bahan aktif perlu dikonfirmasi,,,,
842,Herbisida,Caliber 240 EC,PT Rainbow Agrosciences,,EC,,,,,Gulma,Registri/web terindeks,Perlu verifikasi,Bahan aktif perlu dikonfirmasi,,,,
844,Herbisida,Fastcane 80 WG,PT Rainbow Agrosciences,,WG,,,,,Gulma,Registri/web terindeks,Perlu verifikasi,Bahan aktif perlu dikonfirmasi,,,,
845,Herbisida,Gardener 68 WG,PT Rainbow Agrosciences,,WG,,,,,Gulma,Registri/web terindeks,Perlu verifikasi,Bahan aktif perlu dikonfirmasi,,,,
846,Herbisida,Lava 276 SL,PT Rainbow Agrosciences,,SL,,,,,Gulma,Registri/web terindeks,Perlu verifikasi,Bahan aktif perlu dikonfirmasi,,,,
847,Herbisida,Lektor 480 SC,PT Rainbow Agrosciences,,SC,,,,,Gulma,Registri/web terindeks,Perlu verifikasi,Bahan aktif perlu dikonfirmasi,,,,
848,Fungisida,MEPEAK 55/5 WG,PT Rainbow Agrosciences,metiram 55% + piraklostrobin 5%,WG,,,M03+11,,"Antraknosa pada bawang merah, cabai, semangka",Ditjen PSP Kementan – registri,Terverifikasi,Nomor RI.01020120238023,,,,
849,Fungisida,Raincozeb 80 WP,PT Rainbow Agrosciences,mankozeb 80%,WP,400 g,,M03,,"Bercak daun, karat daun, hawar daun",Registri/Prima Tani,Terverifikasi,Nomor RI.01020120134619,,,,
850,Insektisida,Anwafin 500 EC,PT Sari Kresna Kimia,,EC,500 ml,,,,Serangga pengisap,Marketplace/retail pertanian,Perlu verifikasi,Bahan aktif belum cukup kuat untuk dimasukkan,,,,
851,Herbisida,Basmigul 490 SL,PT Sari Kresna Kimia,,SL,,,,,Gulma,Pranatani – registri/agregasi merek,Perlu verifikasi,Bahan aktif perlu verifikasi primer,,,,
852,Herbisida,CMA 6 865 SL,PT Sari Kresna Kimia,"2,4-D dimetilamina 865 g/L",SL,,,,4,,Gulma daun lebar,Pranatani – registri/agregasi merek,Perlu verifikasi,,,,
853,Insektisida,Fostin 610 EC,PT Sari Kresna Kimia,klorpirifos 550 g/L + sipermetrin 60 g/L,EC,100 ml; 400 ml,1B+3A,,,"Ulat grayak, walang sangit dan serangga lain pada padi/kedelai/jagung",Marketplace + listing produk principal,Terverifikasi,Komposisi dan kemasan didukung listing marketplace; cek label terbaru untuk registrasi aktif,,,,
854,Herbisida,Ground Up Plus 365 SL,PT Sari Kresna Kimia,,SL,,,,,Gulma umum,Pranatani – registri/agregasi merek,Perlu verifikasi,Bahan aktif perlu verifikasi primer,,,,
855,Herbisida,Jump Up 555 SL,PT Sari Kresna Kimia,,SL,,,,,Gulma umum,Pranatani – registri/agregasi merek,Perlu verifikasi,Bahan aktif perlu verifikasi primer,,,,
856,Herbisida,Kresna-Up 520 SL,PT Sari Kresna Kimia,glifosat 520 g/L,SL,,,,9,,Gulma umum,Pranatani – registri/agregasi merek,Perlu verifikasi,,,,
857,Fungisida,Kresnatop 80 WP,PT Sari Kresna Kimia,,WP,,,,,,Penyakit jamur,Pranatani – registri/agregasi merek,Perlu verifikasi,,,,
858,Herbisida,Kresnaxone 297 SL,PT Sari Kresna Kimia,paraquat diklorida 297 g/L,SL,,,,22,,Gulma umum,Pranatani – registri/agregasi merek,Perlu verifikasi,,,,
859,Zat Pengatur Tumbuh,Tamapon 480 SL,PT Sari Kresna Kimia,ethephon 480 g/L,SL,,,,,Pengatur pertumbuhan tanaman,Pranatani – registri/agregasi merek,Perlu verifikasi,Kadar disebut dalam sumber sekunder; perlu cek registri primer,,,,
860,Fungisida,Sagri Bat 70 WP,PT Satya Agro Indonesia (SAGRI),Bahan aktif formulasi 70%,WP,Tidak ditemukan pada sumber yang diverifikasi,N/A - bukan insektisida,Perlu verifikasi - komposisi belum lengkap,N/A - bukan herbisida,Penyakit jamur sesuai label produk,Master sebelumnya (PDF yang diunggah) | MoA diperbarui 23-09-2026,Perlu verifikasi,IRAC/FRAC diperbarui berdasarkan klasifikasi MoA; N/A berarti kelompok tersebut tidak relevan untuk kategori produk.,,,,
861,Insektisida,Sagri Beat 7/30 WP,PT Satya Agro Indonesia (SAGRI),Emamektin benzoat 7% + Klorbenzuron 30%,WP,Tidak ditemukan pada sumber yang diverifikasi,6 + 15,N/A - bukan fungisida,N/A - bukan herbisida,ulat; ulat grayak; ulat buah,Master sebelumnya (PDF yang diunggah) | MoA diperbarui 23-09-2026,Terisi / terklasifikasi,IRAC/FRAC diperbarui berdasarkan klasifikasi MoA; N/A berarti kelompok tersebut tidak relevan untuk kategori produk.,,,,
862,Insektisida,Sagri Bezz 30 EC,PT Satya Agro Indonesia (SAGRI),Asetamiprid 30 g/L,EC,Tidak ditemukan pada sumber yang diverifikasi,4A,N/A - bukan fungisida,N/A - bukan herbisida,kutu daun; kutu kebul; trips; wereng,Master sebelumnya (PDF yang diunggah) | MoA diperbarui 23-09-2026,Terisi / terklasifikasi,IRAC/FRAC diperbarui berdasarkan klasifikasi MoA; N/A berarti kelompok tersebut tidak relevan untuk kategori produk.,,,,
863,Insektisida,Sagri Clear 30/30 WP,PT Satya Agro Indonesia (SAGRI),Bahan aktif kombinasi 30/30%,WP,Tidak ditemukan pada sumber yang diverifikasi,Perlu verifikasi - komposisi belum lengkap,N/A - bukan fungisida,N/A - bukan herbisida,Hama serangga sesuai label produk,Master sebelumnya (PDF yang diunggah) | MoA diperbarui 23-09-2026,Perlu verifikasi,IRAC/FRAC diperbarui berdasarkan klasifikasi MoA; N/A berarti kelompok tersebut tidak relevan untuk kategori produk.,,,,
864,Fungisida,Sagri Manzim 65/20 WP,PT Satya Agro Indonesia (SAGRI),Karbendazim + Mankozeb,WP,Tidak ditemukan pada sumber yang diverifikasi,N/A - bukan insektisida,1 + M03,N/A - bukan herbisida,bercak daun; antraknosa; hawar,Master sebelumnya (PDF yang diunggah) | MoA diperbarui 23-09-2026,Terisi / terklasifikasi,IRAC/FRAC diperbarui berdasarkan klasifikasi MoA; N/A berarti kelompok tersebut tidak relevan untuk kategori produk.,,,,
865,Insektisida,Sagri Meth 77 SP,PT Satya Agro Indonesia (SAGRI),Metomil 77%,SP,Tidak ditemukan pada sumber yang diverifikasi,1A,N/A - bukan fungisida,N/A - bukan herbisida,ulat; thrips; kutu,Master sebelumnya (PDF yang diunggah) | MoA diperbarui 23-09-2026,Terisi / terklasifikasi,IRAC/FRAC diperbarui berdasarkan klasifikasi MoA; N/A berarti kelompok tersebut tidak relevan untuk kategori produk.,,,,
866,Fungisida,Sagri Nil 77 WP,PT Satya Agro Indonesia (SAGRI),Bahan aktif formulasi 77%,WP,Tidak ditemukan pada sumber yang diverifikasi,N/A - bukan insektisida,Perlu verifikasi - komposisi belum lengkap,N/A - bukan herbisida,Penyakit jamur sesuai label produk,Master sebelumnya (PDF yang diunggah) | MoA diperbarui 23-09-2026,Perlu verifikasi,IRAC/FRAC diperbarui berdasarkan klasifikasi MoA; N/A berarti kelompok tersebut tidak relevan untuk kategori produk.,,,,
867,Herbisida,Sagri Storm 100/400/50 SC,PT Satya Agro Indonesia (SAGRI),Bahan aktif kombinasi 100/400/50 g/L,SC,Tidak ditemukan pada sumber yang diverifikasi,N/A - bukan insektisida,N/A - bukan fungisida,Perlu verifikasi,Gulma sesuai label produk,Master sebelumnya (PDF yang diunggah) | MoA diperbarui 23-09-2026,Perlu verifikasi,IRAC/FRAC diperbarui berdasarkan klasifikasi MoA; N/A berarti kelompok tersebut tidak relevan untuk kategori produk.,,,,
868,Fungisida,Sagri Zeb 85 WP,PT Satya Agro Indonesia (SAGRI),Mankozeb 85%,WP,Tidak ditemukan pada sumber yang diverifikasi,N/A - bukan insektisida,M03,N/A - bukan herbisida,bercak daun; antraknosa; hawar,Master sebelumnya (PDF yang diunggah) | MoA diperbarui 23-09-2026,Terisi / terklasifikasi,IRAC/FRAC diperbarui berdasarkan klasifikasi MoA; N/A berarti kelompok tersebut tidak relevan untuk kategori produk.,,,,
869,Fungisida,FROWNCIDE 500 SC,PT. SUMITOMO INDONESIA,Fluazinam 500 g/L,SC,,,29,,Hawar daun kentang,Pranatani/registri Kementan + sumber resmi Sumitomo,Terisi / perlu verifikasi label,Ditambahkan sebagai produk Sumitomo yang teridentifikasi pada sumber registri/web. Tidak diperluas ke produk historis yang belum terverifikasi.,,Produk teridentifikasi pada sumber registri; cek status terbaru,,Pranatani/registri Kementan + sumber resmi Sumitomo
870,Herbisida,GOAL 240 EC,PT. SUMITOMO INDONESIA,Oksifluorfen 240 g/L,EC,,,,14,Gulma,Pranatani/registri Kementan + sumber resmi Sumitomo,Terisi / perlu verifikasi label,Ditambahkan sebagai produk Sumitomo yang teridentifikasi pada sumber registri/web. Tidak diperluas ke produk historis yang belum terverifikasi.,,Produk teridentifikasi pada sumber registri; cek status terbaru,,Pranatani/registri Kementan + sumber resmi Sumitomo
871,Fungisida,RANMAN 400 SC,PT. SUMITOMO INDONESIA,Siazofamid 400 g/L,SC,,,21,,Hawar daun kentang,Pranatani/registri Kementan + sumber resmi Sumitomo,Terisi / perlu verifikasi label,Ditambahkan sebagai produk Sumitomo yang teridentifikasi pada sumber registri/web. Tidak diperluas ke produk historis yang belum terverifikasi.,,Produk teridentifikasi pada sumber registri; cek status terbaru,,Pranatani/registri Kementan + sumber resmi Sumitomo
872,Fungisida,SUMILEX 50 WP,PT. SUMITOMO INDONESIA,Procymidone 50%,WP,,,2,,Bercak ungu bawang merah,Pranatani/registri Kementan + sumber resmi Sumitomo,Terisi / perlu verifikasi label,Ditambahkan sebagai produk Sumitomo yang teridentifikasi pada sumber registri/web. Tidak diperluas ke produk historis yang belum terverifikasi.,,Produk teridentifikasi pada sumber registri; cek status terbaru,,Pranatani/registri Kementan + sumber resmi Sumitomo
873,Fungisida,Amistar Top 325 SC,PT Syngenta Indonesia,azoksistrobin 200 g/L + difenokonazol 125 g/L,SC,,,11+3,,"Antraknosa, bercak daun, penyakit jamur",Syngenta Indonesia – halaman produk,Terverifikasi,,,,,
874,Fungisida,Bion M 1/48 MZ,PT Syngenta Indonesia,asibenzolar-S-metil 1% + mankozeb 48%,WP,,,P01+M03,,Penyakit jamur dan bakteri,Syngenta Indonesia – halaman produk,Terverifikasi,,,,,
875,Insektisida,Elestal Neo 30/24 WG,PT Syngenta Indonesia,spiropidion 30% + acetamiprid 24%,WG,30 g; 150 g,23+4A,,,"Kutu daun, kutu kebul, trips pada cabai/tomat",Syngenta Indonesia – halaman produk,Terverifikasi,Registrasi RI.01010120217272,,,,
876,Fungisida,Filia 525 SE,PT Syngenta Indonesia,trisiklazol 400 g/L + propikonazol 125 g/L,SE,,,16.1+3,,"Blas padi, bercak ungu",Syngenta Indonesia – halaman produk,Terverifikasi,,,,,
877,Insektisida,Incipio 200 SC,PT Syngenta Indonesia,isosikloseram 200 g/L,SC,100 ml,30,,,Penggerek batang padi kuning (Scirpophaga incertulas),Syngenta Indonesia – halaman produk 2026,Terverifikasi,Registrasi RI.01010120237891; pembaruan 23-04-2026,,,,
878,Fungisida,Minecto Forte 80/400 SC,PT Syngenta Indonesia,siprokonazol 80 g/L + siantraniliprol 400 g/L,SC,,,3+28,,Hama/penyakit pada tanaman terdaftar,Registri Indonesia / Syngenta portfolio,Terverifikasi sebagian,Kombinasi dan kadar teridentifikasi dari registri; sasaran detail perlu label,,,,
879,Insektisida,Minecto Xtra 200/200 SC,PT Syngenta Indonesia,lufenuron 200 g/L + siantraniliprol 200 g/L,SC,50 ml; 100 ml,15+28,,,"Ulat buah, pengorok daun, Spodoptera",Syngenta Indonesia – halaman produk,Terverifikasi,Registrasi RI.01010120206755,,,,
880,Fungisida,Miravis Duo 75/125 SC,PT Syngenta Indonesia,pidiflumetofen 75 g/L + difenokonazol 125 g/L,SC,,,7+3,,"Bercak ungu, embun tepung, bercak kering",Syngenta Indonesia – halaman produk,Terverifikasi,,,,,
881,Fungisida,Orondis Opti 6/400 SC,PT Syngenta Indonesia,oksatiapiprolin 6 g/L + klorotalonil 400 g/L,SC,,,49+M05,,Embun bulu/downy mildew,Syngenta Indonesia – halaman produk,Terverifikasi,,,,,
882,Fungisida,Orondis VIP 30/180 DC,PT Syngenta Indonesia,oksatiapiprolin 30 g/L + mandipropamid 180 g/L,DC,,,49+40,,Penyakit oomycetes,Registri Indonesia / Syngenta portfolio,Terverifikasi sebagian,Formulasi DC terdaftar; detail label perlu cek dokumen terbaru,,,,
883,Fungisida,Revus Opti 440 SC,PT Syngenta Indonesia,mandipropamid 40 g/L + klorotalonil 400 g/L,SC,,,40+M05,,"Phytophthora, bercak dan penyakit jamur",Syngenta Indonesia – halaman produk,Terverifikasi,,,,,
884,Insektisida,Vestoria 20 WG,PT Syngenta Indonesia,triflumezopyrim 20%,WG,12.5 g; 25 g; 50 g,4E,,,Wereng batang coklat (Nilaparvata lugens),Syngenta Indonesia – halaman produk,Terverifikasi,Registrasi RI.01010120206998,,,,
885,Insektisida,EFICAZ 18 EC,PT Unichem Malindo Raya (Hextar),Abamektin 18 g/L,EC,,6,,,Kutu daun persik / cabai,Registri Kementan RI / Pranatani + identifikasi produk Unichem Malindo Raya (Hextar),Terisi / terklasifikasi,Produk Hextar yang dipasarkan oleh PT Unichem Malindo Raya. Pemegang nomor pendaftaran pada registri tercatat PT Agro Sentosa Raya; tidak digandakan sebagai perusahaan berbeda.,01010120248371,Tercatat pada registri Kementan; tarikan 19 Agustus 2026,Produk Hextar/Unichem teridentifikasi,Kementerian Pertanian RI / Pranatani
886,Insektisida,FLONIMAT 100/200 SC,PT Unichem Malindo Raya (Hextar),Flonicamid 100 g/L + Spirotetramat 200 g/L,SC,,29 + 23,,,Kutu kebul / tomat,Registri Kementan RI / Pranatani + identifikasi produk Unichem Malindo Raya (Hextar),Terisi / terklasifikasi,Produk Hextar yang dipasarkan oleh PT Unichem Malindo Raya. Pemegang nomor pendaftaran pada registri tercatat PT Agro Sentosa Raya; tidak digandakan sebagai perusahaan berbeda.,01010120248257,Tercatat pada registri Kementan; tarikan 19 Agustus 2026,Produk Hextar/Unichem teridentifikasi,Kementerian Pertanian RI / Pranatani
887,Fungisida,METROBIN 12.3/6.7 WG,PT Unichem Malindo Raya (Hextar),"Dimetomorf 12,3% + Piraklostrobin 6,7%",WG,,,,,Embun bulu cucurbit / mentimun,Registri Kementan RI / Pranatani + identifikasi produk Unichem Malindo Raya (Hextar),Terisi / terklasifikasi,Produk Hextar yang dipasarkan oleh PT Unichem Malindo Raya. Pemegang nomor pendaftaran pada registri tercatat PT Agro Sentosa Raya; tidak digandakan sebagai perusahaan berbeda.,01020120248300,Tercatat pada registri Kementan; tarikan 19 Agustus 2026,Produk Hextar/Unichem teridentifikasi,Kementerian Pertanian RI / Pranatani
888,Insektisida,TRUTONE 100 SC,PT Unichem Malindo Raya (Hextar),Tiorantraniliprol 100 g/L,SC,,30,,,Pengorok daun bawang / bawang merah,Registri Kementan RI / Pranatani + identifikasi produk Unichem Malindo Raya (Hextar),Terisi / terklasifikasi,Produk Hextar yang dipasarkan oleh PT Unichem Malindo Raya. Pemegang nomor pendaftaran pada registri tercatat PT Agro Sentosa Raya; tidak digandakan sebagai perusahaan berbeda.,01010120248559,Tercatat pada registri Kementan; tarikan 19 Agustus 2026,Produk Hextar/Unichem teridentifikasi,Kementerian Pertanian RI / Pranatani
889,Insektisida,Chlorantik 105/420 SC,PT UPL Indonesia,klorantraniliprol 105 g/L ; Metoksifenosida 420 g/L,SC,50 ml; 100 ml,28+18,,,ulat; ulat grayak; ulat buah,UPL Indonesia + registri/label,Terverifikasi sebagian,,,,,
890,Herbisida,Fascinate 150 SL,PT UPL Indonesia,amonium glufosinat 150 g/L,SL,,,,,Pestisida terdaftar/label UPL,UPL Indonesia + registri/label,Terverifikasi sebagian,,,,,
891,Fungisida,Kirari 50 WG,PT UPL Indonesia,amisulbrom 50%,WG,,,21,,Pestisida terdaftar/label UPL,UPL Indonesia + registri/label,Terverifikasi sebagian,,,,,
892,Insektisida,Larviron 100/20 EC,PT UPL Indonesia,novaluron 100 g/L + lambda-sihalotrin 20 g/L,EC,,15+3A,,,Pestisida terdaftar/label UPL,UPL Indonesia + registri/label,Terverifikasi sebagian,,,,,
893,Insektisida,Lugen 100 EC,PT UPL Indonesia,buprofezin 100 g/L,EC,,16,,,Pestisida terdaftar/label UPL,UPL Indonesia + registri/label,Terverifikasi sebagian,,,,,
894,Insektisida,Oblivion 300 SC,PT UPL Indonesia,klorfenapir 180 g/L + indoksakarb 120 g/L,SC,,13+22A,,,Pestisida terdaftar/label UPL,UPL Indonesia + registri/label,Terverifikasi sebagian,,,,,
895,Insektisida,Siklon 5.7 WG,PT UPL Indonesia,emamektin benzoat 5.7%,WG,,6,,,Pestisida terdaftar/label UPL,UPL Indonesia + registri/label,Terverifikasi sebagian,,,,,
896,Herbisida,Tarang 280 SL,PT UPL Indonesia,amonium glufosinat 280 g/L,SL,,,,,Pestisida terdaftar/label UPL,UPL Indonesia + registri/label,Terverifikasi sebagian,,,,,
897,Fungisida,Tridium,PT UPL Indonesia,mankozeb 59.7% + azoksistrobin 4.7% + tebukonazol 5.6%,WP,,,M03+11+3,,Pestisida terdaftar/label UPL,UPL Indonesia + registri/label,Terverifikasi sebagian,,,,,
898,Insektisida,Wiper 50 EC,PT UPL Indonesia,abamektin 50 g/L,EC,,6,,,Pestisida terdaftar/label UPL,UPL Indonesia + registri/label,Terverifikasi sebagian,,,,,
899,Pestisida (registri; tipe belum dipetakan),ACTARA 25 WG,Syngenta Indonesia,tiametoksam 25%,WG,,,,,,Pranatani / registri Kementan — Syngenta Indonesia,Belum dipetakan,Entri registri tambahan; komposisi/MoA belum diisi agar tidak menebak. Gramasi bahan aktif dilengkapi dari halaman produk resmi/registri yang terverifikasi.,01010119971357,Terdaftar pada registri sumber (termasuk kemungkinan registrasi lama),Belum diverifikasi apakah sudah launch/beredar di pasar,https://pranatani.com/badan/pt-syngenta-indonesia/
900,Insektisida,Agrimec 18 EC,Syngenta Indonesia,Abamektin 18 g/L,EC,250 ml; 500 ml,6,N/A - bukan fungisida,N/A - bukan herbisida,thrips; tungau; pengorok daun,Master sebelumnya (PDF yang diunggah) | MoA diperbarui 23-09-2026,Terisi / terklasifikasi,IRAC/FRAC diperbarui berdasarkan klasifikasi MoA; N/A berarti kelompok tersebut tidak relevan untuk kategori produk.,,,,
901,Insektisida,Alika 247 ZC,Syngenta Indonesia,Tiametoksam 141 g/L; Lambda sihalotrin 106 g/L,ZC,50 ml; 250 ml; 500 ml,4A + 3A,N/A - bukan fungisida,N/A - bukan herbisida,kutu daun; kutu kebul; wereng; trips,Master sebelumnya (PDF yang diunggah) | MoA diperbarui 23-09-2026,Terisi / terklasifikasi,IRAC/FRAC diperbarui berdasarkan klasifikasi MoA; N/A berarti kelompok tersebut tidak relevan untuk kategori produk.,,,,
902,Fungisida,Amistar Top 325 SC,Syngenta Indonesia,Azoksistrobin 200 g/L; Difenokonazol 125 g/L,SC,50 ml; 100 ml; 250 ml,N/A - bukan insektisida,11 + 3,N/A - bukan herbisida,antraknosa; bercak daun; embun tepung,Master sebelumnya (PDF yang diunggah) | MoA diperbarui 23-09-2026,Terisi / terklasifikasi,IRAC/FRAC diperbarui berdasarkan klasifikasi MoA; N/A berarti kelompok tersebut tidak relevan untuk kategori produk.,,,,
903,Fungisida,Anvil 50 SC,Syngenta Indonesia,Heksakonazol 50 g/L,SC,250 ml; 1 L,N/A - bukan insektisida,3,N/A - bukan herbisida,Penyakit jamur sesuai label produk,Master sebelumnya (PDF yang diunggah) | MoA diperbarui 23-09-2026,Terisi / terklasifikasi,IRAC/FRAC diperbarui berdasarkan klasifikasi MoA; N/A berarti kelompok tersebut tidak relevan untuk kategori produk.,,,,
904,Pestisida (registri; tipe belum dipetakan),APIRO 550.8 SC,Syngenta Indonesia,"metil bensulfuron 184,8 g/L + pyriftalid 366 g/L",SC,,,,,,Pranatani / registri Kementan — Syngenta Indonesia,Belum dipetakan,Entri registri tambahan; komposisi/MoA belum diisi agar tidak menebak. Gramasi bahan aktif dilengkapi dari halaman produk resmi/registri yang terverifikasi.,01.03.01.2017.5821,Terdaftar pada registri sumber (termasuk kemungkinan registrasi lama),Belum diverifikasi apakah sudah launch/beredar di pasar,https://pranatani.com/badan/pt-syngenta-indonesia/
905,Fungisida,Bion M 1/48 MZ,Syngenta Indonesia,Asibenzolar-S-metil 1%; Mankozeb 48%,WP,500 g,N/A - bukan insektisida,P01 + M03,N/A - bukan herbisida,bercak daun; antraknosa; hawar,Master sebelumnya (PDF yang diunggah) | MoA diperbarui 23-09-2026,Terisi / terklasifikasi,IRAC/FRAC diperbarui berdasarkan klasifikasi MoA; N/A berarti kelompok tersebut tidak relevan untuk kategori produk.,,,,
906,Herbisida,Calaris 550 SC,Syngenta Indonesia,Mesotrion 50 g/L; Atrazin 500 g/L,SC,250 ml; 500 ml; 1 L,N/A - bukan insektisida,N/A - bukan fungisida,5 + 27,gulma daun lebar; gulma rumput,Master sebelumnya (PDF yang diunggah) | MoA diperbarui 23-09-2026,Terisi / terklasifikasi,IRAC/FRAC diperbarui berdasarkan klasifikasi MoA; N/A berarti kelompok tersebut tidak relevan untuk kategori produk.,,,,
907,Insektisida,Curacron 500 EC,Syngenta Indonesia,Profenofos 500 g/L,EC,100 ml; 250 ml; 500 ml,1B,N/A - bukan fungisida,N/A - bukan herbisida,ulat; trips; kutu; penggerek,Master sebelumnya (PDF yang diunggah) | MoA diperbarui 23-09-2026,Terisi / terklasifikasi,IRAC/FRAC diperbarui berdasarkan klasifikasi MoA; N/A berarti kelompok tersebut tidak relevan untuk kategori produk.,,,,
908,Pestisida (registri; tipe belum dipetakan),CYMBUSH 50 EC,Syngenta Indonesia,sipermetrin 50 g/L,EC,,,,,,Pranatani / registri Kementan — Syngenta Indonesia,Belum dipetakan,Entri registri tambahan; komposisi/MoA belum diisi agar tidak menebak. Gramasi bahan aktif dilengkapi dari halaman produk resmi/registri yang terverifikasi.,0101011981462,Terdaftar pada registri sumber (termasuk kemungkinan registrasi lama),Belum diverifikasi apakah sudah launch/beredar di pasar,https://pranatani.com/badan/pt-syngenta-indonesia/
909,Insektisida,Elestal Neo 30/24 WG,Syngenta Indonesia,Spiropidion 30%; Asetamiprid 24%,WG,30 g; 150 g,23 + 4A,N/A - bukan fungisida,N/A - bukan herbisida,kutu daun; kutu kebul; trips; wereng,Master sebelumnya (PDF yang diunggah) | MoA diperbarui 23-09-2026,Terisi / terklasifikasi,IRAC/FRAC diperbarui berdasarkan klasifikasi MoA; N/A berarti kelompok tersebut tidak relevan untuk kategori produk.,,,,
910,Fungisida,Filia 525 SE,Syngenta Indonesia,Trisiklazol 400 g/L; Propikonazol 125 g/L,SE,50 ml; 250 ml,N/A - bukan insektisida,16.1 + 3,N/A - bukan herbisida,bercak daun; karat; embun tepung,Master sebelumnya (PDF yang diunggah) | MoA diperbarui 23-09-2026,Terisi / terklasifikasi,IRAC/FRAC diperbarui berdasarkan klasifikasi MoA; N/A berarti kelompok tersebut tidak relevan untuk kategori produk.,,,,
911,Herbisida,Gramoxone 276 SL,Syngenta Indonesia,Parakuat diklorida 276 g/L,SL,250 ml; 500 ml; 1 L; 5 L; 20 L; 200 L,N/A - bukan insektisida,N/A - bukan fungisida,22,gulma daun lebar; gulma rumput,Master sebelumnya (PDF yang diunggah) | MoA diperbarui 23-09-2026,Terisi / terklasifikasi,IRAC/FRAC diperbarui berdasarkan klasifikasi MoA; N/A berarti kelompok tersebut tidak relevan untuk kategori produk.,,,,
912,Insektisida,Incipio 200 SC,Syngenta Indonesia,Isosikloseram 200 g/L,SC,100 ml,30,N/A - bukan fungisida,N/A - bukan herbisida,Hama serangga sesuai label produk,Master sebelumnya (PDF yang diunggah) | MoA diperbarui 23-09-2026,Terisi / terklasifikasi,IRAC/FRAC diperbarui berdasarkan klasifikasi MoA; N/A berarti kelompok tersebut tidak relevan untuk kategori produk.,,,,
913,Pestisida (registri; tipe belum dipetakan),Matador 25 EC,Syngenta Indonesia,lamda sihalotrin 25 g/L,EC,,,,,,Pranatani / registri Kementan — Syngenta Indonesia,Belum dipetakan,Entri registri tambahan; komposisi/MoA belum diisi agar tidak menebak. Gramasi bahan aktif dilengkapi dari halaman produk resmi/registri yang terverifikasi.,0101011984716,Terdaftar pada registri sumber (termasuk kemungkinan registrasi lama),Belum diverifikasi apakah sudah launch/beredar di pasar,https://pranatani.com/badan/pt-syngenta-indonesia/
914,Pestisida (registri; tipe belum dipetakan),MATCH 50 EC,Syngenta Indonesia,lufenuron 50 g/L,EC,,,,,,Pranatani / registri Kementan — Syngenta Indonesia,Belum dipetakan,Entri registri tambahan; komposisi/MoA belum diisi agar tidak menebak. Gramasi bahan aktif dilengkapi dari halaman produk resmi/registri yang terverifikasi.,01010119941157,Terdaftar pada registri sumber (termasuk kemungkinan registrasi lama),Belum diverifikasi apakah sudah launch/beredar di pasar,https://pranatani.com/badan/pt-syngenta-indonesia/
915,Insektisida,Minecto Xtra 200/200 SC,Syngenta Indonesia,Lufenuron 200 g/L; Siantraniliprol 200 g/L,SC,50 ml; 100 ml,28 + 15,N/A - bukan fungisida,N/A - bukan herbisida,ulat Lepidoptera; kutu kebul; trips,Master sebelumnya (PDF yang diunggah) | MoA diperbarui 23-09-2026,Terisi / terklasifikasi,IRAC/FRAC diperbarui berdasarkan klasifikasi MoA; N/A berarti kelompok tersebut tidak relevan untuk kategori produk.,,,,
916,Fungisida,Miravis Duo 75/125 SC,Syngenta Indonesia,Pidiflumetofen 75 g/L; Difenokonazol 125 g/L,SC,100 ml; 250 ml,N/A - bukan insektisida,7 + 3,N/A - bukan herbisida,antraknosa; bercak daun; embun tepung,Master sebelumnya (PDF yang diunggah) | MoA diperbarui 23-09-2026,Terisi / terklasifikasi,IRAC/FRAC diperbarui berdasarkan klasifikasi MoA; N/A berarti kelompok tersebut tidak relevan untuk kategori produk.,,,,
917,Fungisida,Orondis Opti 6/400 SC,Syngenta Indonesia,Klorotalonil 400 g/L; Oksatiapiprolin 6 g/L,SC,500 ml,N/A - bukan insektisida,M05 + 49,N/A - bukan herbisida,bercak daun; hawar; antraknosa,Master sebelumnya (PDF yang diunggah) | MoA diperbarui 23-09-2026,Terisi / terklasifikasi,IRAC/FRAC diperbarui berdasarkan klasifikasi MoA; N/A berarti kelompok tersebut tidak relevan untuk kategori produk.,,,,
918,Pestisida (registri; tipe belum dipetakan),PEGASUS 500 SC,Syngenta Indonesia,diafenthiuron 500 g/L,SC,,,,,,Pranatani / registri Kementan — Syngenta Indonesia,Belum dipetakan,Entri registri tambahan; komposisi/MoA belum diisi agar tidak menebak. Gramasi bahan aktif dilengkapi dari halaman produk resmi/registri yang terverifikasi.,01010119921031,Terdaftar pada registri sumber (termasuk kemungkinan registrasi lama),Belum diverifikasi apakah sudah launch/beredar di pasar,https://pranatani.com/badan/pt-syngenta-indonesia/
919,Insektisida,Plenum 50 WG,Syngenta Indonesia,Pimetrozin 50%,WG,25 g; 100 g,9B,N/A - bukan fungisida,N/A - bukan herbisida,wereng; kutu daun; kutu kebul,Master sebelumnya (PDF yang diunggah) | MoA diperbarui 23-09-2026,Terisi / terklasifikasi,IRAC/FRAC diperbarui berdasarkan klasifikasi MoA; N/A berarti kelompok tersebut tidak relevan untuk kategori produk.,,,,
920,Fungisida,Revus Opti 440 SC,Syngenta Indonesia,Mandipropamid 40 g/L; Klorotalonil 400 g/L,SC,250 ml,N/A - bukan insektisida,40 + M05,N/A - bukan herbisida,bercak daun; hawar; antraknosa,Master sebelumnya (PDF yang diunggah) | MoA diperbarui 23-09-2026,Terisi / terklasifikasi,IRAC/FRAC diperbarui berdasarkan klasifikasi MoA; N/A berarti kelompok tersebut tidak relevan untuk kategori produk.,,,,
921,Fungisida,Ridomil Gold MZ 68 WG,Syngenta Indonesia,Mankozeb 64%; Mefenoksam 4%,WG,100 g; 250 g; 500 g,N/A - bukan insektisida,M03 + 4,N/A - bukan herbisida,bercak daun; antraknosa; hawar,Master sebelumnya (PDF yang diunggah) | MoA diperbarui 23-09-2026,Terisi / terklasifikasi,IRAC/FRAC diperbarui berdasarkan klasifikasi MoA; N/A berarti kelompok tersebut tidak relevan untuk kategori produk.,,,,
922,Fungisida,Score 250 EC,Syngenta Indonesia,Difenokonazol 250 g/L,EC,80 ml; 250 ml,N/A - bukan insektisida,3,N/A - bukan herbisida,antraknosa; bercak daun; embun tepung,Master sebelumnya (PDF yang diunggah) | MoA diperbarui 23-09-2026,Terisi / terklasifikasi,IRAC/FRAC diperbarui berdasarkan klasifikasi MoA; N/A berarti kelompok tersebut tidak relevan untuk kategori produk.,,,,
923,Insektisida,Simodis 100 DC,Syngenta Indonesia,Isosikloseram 100 g/L,DC,100 ml,30,N/A - bukan fungisida,N/A - bukan herbisida,Hama serangga sesuai label produk,Master sebelumnya (PDF yang diunggah) | MoA diperbarui 23-09-2026,Terisi / terklasifikasi,IRAC/FRAC diperbarui berdasarkan klasifikasi MoA; N/A berarti kelompok tersebut tidak relevan untuk kategori produk.,,,,
924,Herbisida,Topmost 30/300 OD,Syngenta Indonesia,Sihalofop-butil 300 g/L; Etoksisulfuron 30 g/L,OD,250 ml,N/A - bukan insektisida,N/A - bukan fungisida,1 + 2,teki; gulma berdaun lebar,Master sebelumnya (PDF yang diunggah) | MoA diperbarui 23-09-2026,Terisi / terklasifikasi,IRAC/FRAC diperbarui berdasarkan klasifikasi MoA; N/A berarti kelompok tersebut tidak relevan untuk kategori produk.,,,,
925,Herbisida,Topshot 60 OD,Syngenta Indonesia,Penoksulam 10 g/L; Sihalofop-butil 50 g/L,OD,250 ml; 500 ml,N/A - bukan insektisida,N/A - bukan fungisida,1,gulma rumput,Master sebelumnya (PDF yang diunggah) | MoA diperbarui 23-09-2026,Terisi / terklasifikasi,IRAC/FRAC diperbarui berdasarkan klasifikasi MoA; N/A berarti kelompok tersebut tidak relevan untuk kategori produk.,,,,
926,Herbisida,Touchdown Neo 480 SL,Syngenta Indonesia,IPA Glifosat 480 g/L,SL,1 L; 4 L; 20 L,N/A - bukan insektisida,N/A - bukan fungisida,9,gulma rumput; gulma daun lebar; teki,Master sebelumnya (PDF yang diunggah) | MoA diperbarui 23-09-2026,Terisi / terklasifikasi,IRAC/FRAC diperbarui berdasarkan klasifikasi MoA; N/A berarti kelompok tersebut tidak relevan untuk kategori produk.,,,,
927,Pestisida (registri; tipe belum dipetakan),TRIGARD 75 WP,Syngenta Indonesia,siromazin 75%,WP,,,,,,Pranatani / registri Kementan — Syngenta Indonesia,Belum dipetakan,Entri registri tambahan; komposisi/MoA belum diisi agar tidak menebak. Gramasi bahan aktif dilengkapi dari halaman produk resmi/registri yang terverifikasi.,01010119971318,Terdaftar pada registri sumber (termasuk kemungkinan registrasi lama),Belum diverifikasi apakah sudah launch/beredar di pasar,https://pranatani.com/badan/pt-syngenta-indonesia/
928,Insektisida,Vestoria 20 WG,Syngenta Indonesia,Triflumezopirim 20%,WG,"12,5 g; 25 g; 50 g",4E,N/A - bukan fungisida,N/A - bukan herbisida,wereng,Master sebelumnya (PDF yang diunggah) | MoA diperbarui 23-09-2026,Terisi / terklasifikasi,IRAC/FRAC diperbarui berdasarkan klasifikasi MoA; N/A berarti kelompok tersebut tidak relevan untuk kategori produk.,,,,
929,Insektisida,Virtako 300 SC,Syngenta Indonesia,Klorantraniliprol 100 g/L; Tiametoksam 200 g/L,SC,10 ml; 50 ml; 100 ml,28 + 4A,N/A - bukan fungisida,N/A - bukan herbisida,ulat Lepidoptera; penggerek batang; ulat grayak,Master sebelumnya (PDF yang diunggah) | MoA diperbarui 23-09-2026,Terisi / terklasifikasi,IRAC/FRAC diperbarui berdasarkan klasifikasi MoA; N/A berarti kelompok tersebut tidak relevan untuk kategori produk.,,,,
